modern_iso3,country,year,season
AND,Andorra,1994,Winter
ARG,Argentina,1994,Winter
ARM,Armenia,1994,Winter
ASM,American Samoa,1994,Winter
AUS,Australia,1994,Winter
AUT,Austria,1994,Winter
BEL,Belgium,1994,Winter
BGR,Bulgaria,1994,Winter
BIH,Bosnia and Herzegovina,1994,Winter
BLR,Belarus,1994,Winter
BMU,Bermuda,1994,Winter
BRA,Brazil,1994,Winter
CAN,Canada,1994,Winter
CHE,Switzerland,1994,Winter
CHL,Chile,1994,Winter
CHN,China,1994,Winter
CYP,Cyprus,1994,Winter
CZE,Czech Republic,1994,Winter
DEU,Germany,1994,Winter
DNK,Denmark,1994,Winter
ESP,Spain,1994,Winter
EST,Estonia,1994,Winter
FIN,Finland,1994,Winter
FJI,Fiji,1994,Winter
FRA,France,1994,Winter
GBR,United Kingdom,1994,Winter
GEO,Georgia,1994,Winter
GRC,Greece,1994,Winter
HRV,Croatia,1994,Winter
HUN,Hungary,1994,Winter
ISL,Iceland,1994,Winter
ISR,Israel,1994,Winter
ITA,Italy,1994,Winter
JAM,Jamaica,1994,Winter
JPN,Japan,1994,Winter
KAZ,Kazakhstan,1994,Winter
KGZ,Kyrgyzstan,1994,Winter
KOR,South Korea,1994,Winter
LIE,Liechtenstein,1994,Winter
LTU,Lithuania,1994,Winter
LUX,Luxembourg,1994,Winter
LVA,Latvia,1994,Winter
MCO,Monaco,1994,Winter
MDA,Moldova,1994,Winter
MEX,Mexico,1994,Winter
MNG,Mongolia,1994,Winter
NLD,Netherlands,1994,Winter
NOR,Norway,1994,Winter
NZL,New Zealand,1994,Winter
POL,Poland,1994,Winter
PRI,Puerto Rico,1994,Winter
PRT,Portugal,1994,Winter
ROU,Romania,1994,Winter
RUS,Russia,1994,Winter
SEN,Senegal,1994,Winter
SMR,San Marino,1994,Winter
SVK,Slovakia,1994,Winter
SVN,Slovenia,1994,Winter
SWE,Sweden,1994,Winter
TTO,Trinidad and Tobago,1994,Winter
TUR,Turkey,1994,Winter
TWN,Taiwan,1994,Winter
UKR,Ukraine,1994,Winter
USA,United States,1994,Winter
UZB,Uzbekistan,1994,Winter
VIR,US Virgin Islands,1994,Winter
ZAF,South Africa,1994,Winter
ABW,Aruba,1996,Summer
AFG,Afghanistan,1996,Summer
AGO,Angola,1996,Summer
ALB,Albania,1996,Summer
AND,Andorra,1996,Summer
ARE,United Arab Emirates,1996,Summer
ARG,Argentina,1996,Summer
ARM,Armenia,1996,Summer
ASM,American Samoa,1996,Summer
ATG,Antigua and Barbuda,1996,Summer
AUS,Australia,1996,Summer
AUT,Austria,1996,Summer
AZE,Azerbaijan,1996,Summer
BDI,Burundi,1996,Summer
BEL,Belgium,1996,Summer
BEN,Benin,1996,Summer
BFA,Burkina Faso,1996,Summer
BGD,Bangladesh,1996,Summer
BGR,Bulgaria,1996,Summer
BHR,Bahrain,1996,Summer
BHS,Bahamas,1996,Summer
BIH,Bosnia and Herzegovina,1996,Summer
BLR,Belarus,1996,Summer
BLZ,Belize,1996,Summer
BMU,Bermuda,1996,Summer
BOL,Bolivia,1996,Summer
BRA,Brazil,1996,Summer
BRB,Barbados,1996,Summer
BRN,Brunei,1996,Summer
BTN,Bhutan,1996,Summer
BWA,Botswana,1996,Summer
CAF,Central African Republic,1996,Summer
CAN,Canada,1996,Summer
CHE,Switzerland,1996,Summer
CHL,Chile,1996,Summer
CHN,China,1996,Summer
CIV,Ivory Coast,1996,Summer
CMR,Cameroon,1996,Summer
COD,DR Congo,1996,Summer
COG,Congo,1996,Summer
COK,Cook Islands,1996,Summer
COL,Colombia,1996,Summer
COM,Comoros,1996,Summer
CPV,Cape Verde,1996,Summer
CRI,Costa Rica,1996,Summer
CUB,Cuba,1996,Summer
CUW,Netherlands Antilles,1996,Summer
CYM,Cayman Islands,1996,Summer
CYP,Cyprus,1996,Summer
CZE,Czech Republic,1996,Summer
DEU,Germany,1996,Summer
DJI,Djibouti,1996,Summer
DMA,Dominica,1996,Summer
DNK,Denmark,1996,Summer
DOM,Dominican Republic,1996,Summer
DZA,Algeria,1996,Summer
ECU,Ecuador,1996,Summer
EGY,Egypt,1996,Summer
ESP,Spain,1996,Summer
EST,Estonia,1996,Summer
ETH,Ethiopia,1996,Summer
FIN,Finland,1996,Summer
FJI,Fiji,1996,Summer
FRA,France,1996,Summer
GAB,Gabon,1996,Summer
GBR,United Kingdom,1996,Summer
GEO,Georgia,1996,Summer
GHA,Ghana,1996,Summer
GIN,Guinea,1996,Summer
GMB,Gambia,1996,Summer
GNB,Guinea-Bissau,1996,Summer
GNQ,Equatorial Guinea,1996,Summer
GRC,Greece,1996,Summer
GRD,Grenada,1996,Summer
GTM,Guatemala,1996,Summer
GUM,Guam,1996,Summer
GUY,Guyana,1996,Summer
HKG,Hong Kong,1996,Summer
HND,Honduras,1996,Summer
HRV,Croatia,1996,Summer
HTI,Haiti,1996,Summer
HUN,Hungary,1996,Summer
IDN,Indonesia,1996,Summer
IND,India,1996,Summer
IRL,Ireland,1996,Summer
IRN,Iran,1996,Summer
IRQ,Iraq,1996,Summer
ISL,Iceland,1996,Summer
ISR,Israel,1996,Summer
ITA,Italy,1996,Summer
JAM,Jamaica,1996,Summer
JOR,Jordan,1996,Summer
JPN,Japan,1996,Summer
KAZ,Kazakhstan,1996,Summer
KEN,Kenya,1996,Summer
KGZ,Kyrgyzstan,1996,Summer
KHM,Cambodia,1996,Summer
KNA,Saint Kitts and Nevis,1996,Summer
KOR,South Korea,1996,Summer
KWT,Kuwait,1996,Summer
LAO,Laos,1996,Summer
LBN,Lebanon,1996,Summer
LBR,Liberia,1996,Summer
LBY,Libya,1996,Summer
LCA,Saint Lucia,1996,Summer
LIE,Liechtenstein,1996,Summer
LKA,Sri Lanka,1996,Summer
LSO,Lesotho,1996,Summer
LTU,Lithuania,1996,Summer
LUX,Luxembourg,1996,Summer
LVA,Latvia,1996,Summer
MAR,Morocco,1996,Summer
MCO,Monaco,1996,Summer
MDA,Moldova,1996,Summer
MDG,Madagascar,1996,Summer
MDV,Maldives,1996,Summer
MEX,Mexico,1996,Summer
MKD,North Macedonia,1996,Summer
MLI,Mali,1996,Summer
MLT,Malta,1996,Summer
MMR,Myanmar,1996,Summer
MNG,Mongolia,1996,Summer
MOZ,Mozambique,1996,Summer
MRT,Mauritania,1996,Summer
MUS,Mauritius,1996,Summer
MWI,Malawi,1996,Summer
MYS,Malaysia,1996,Summer
NAM,Namibia,1996,Summer
NER,Niger,1996,Summer
NGA,Nigeria,1996,Summer
NIC,Nicaragua,1996,Summer
NLD,Netherlands,1996,Summer
NOR,Norway,1996,Summer
NPL,Nepal,1996,Summer
NRU,Nauru,1996,Summer
NZL,New Zealand,1996,Summer
OMN,Oman,1996,Summer
PAK,Pakistan,1996,Summer
PAN,Panama,1996,Summer
PER,Peru,1996,Summer
PHL,Philippines,1996,Summer
PNG,Papua New Guinea,1996,Summer
POL,Poland,1996,Summer
PRI,Puerto Rico,1996,Summer
PRK,North Korea,1996,Summer
PRT,Portugal,1996,Summer
PRY,Paraguay,1996,Summer
PSE,Palestine,1996,Summer
QAT,Qatar,1996,Summer
ROU,Romania,1996,Summer
RUS,Russia,1996,Summer
RWA,Rwanda,1996,Summer
SAU,Saudi Arabia,1996,Summer
SDN,Sudan,1996,Summer
SEN,Senegal,1996,Summer
SGP,Singapore,1996,Summer
SLB,Solomon Islands,1996,Summer
SLE,Sierra Leone,1996,Summer
SLV,El Salvador,1996,Summer
SMR,San Marino,1996,Summer
SOM,Somalia,1996,Summer
STP,Sao Tome and Principe,1996,Summer
SUR,Suriname,1996,Summer
SVK,Slovakia,1996,Summer
SVN,Slovenia,1996,Summer
SWE,Sweden,1996,Summer
SWZ,Eswatini,1996,Summer
SYC,Seychelles,1996,Summer
SYR,Syria,1996,Summer
TCD,Chad,1996,Summer
TGO,Togo,1996,Summer
THA,Thailand,1996,Summer
TJK,Tajikistan,1996,Summer
TKM,Turkmenistan,1996,Summer
TON,Tonga,1996,Summer
TTO,Trinidad and Tobago,1996,Summer
TUN,Tunisia,1996,Summer
TUR,Turkey,1996,Summer
TWN,Taiwan,1996,Summer
TZA,Tanzania,1996,Summer
UGA,Uganda,1996,Summer
UKR,Ukraine,1996,Summer
URY,Uruguay,1996,Summer
USA,United States,1996,Summer
UZB,Uzbekistan,1996,Summer
VCT,Saint Vincent and the Grenadines,1996,Summer
VEN,Venezuela,1996,Summer
VGB,British Virgin Islands,1996,Summer
VIR,US Virgin Islands,1996,Summer
VNM,Vietnam,1996,Summer
VUT,Vanuatu,1996,Summer
WSM,Samoa,1996,Summer
YEM,Yemen,1996,Summer
ZAF,South Africa,1996,Summer
ZMB,Zambia,1996,Summer
ZWE,Zimbabwe,1996,Summer
AND,Andorra,1998,Winter
ARG,Argentina,1998,Winter
ARM,Armenia,1998,Winter
AUS,Australia,1998,Winter
AUT,Austria,1998,Winter
AZE,Azerbaijan,1998,Winter
BEL,Belgium,1998,Winter
BGR,Bulgaria,1998,Winter
BIH,Bosnia and Herzegovina,1998,Winter
BLR,Belarus,1998,Winter
BMU,Bermuda,1998,Winter
BRA,Brazil,1998,Winter
CAN,Canada,1998,Winter
CHE,Switzerland,1998,Winter
CHL,Chile,1998,Winter
CHN,China,1998,Winter
CYP,Cyprus,1998,Winter
CZE,Czech Republic,1998,Winter
DEU,Germany,1998,Winter
DNK,Denmark,1998,Winter
ESP,Spain,1998,Winter
EST,Estonia,1998,Winter
FIN,Finland,1998,Winter
FRA,France,1998,Winter
GBR,United Kingdom,1998,Winter
GEO,Georgia,1998,Winter
GRC,Greece,1998,Winter
HRV,Croatia,1998,Winter
HUN,Hungary,1998,Winter
IND,India,1998,Winter
IRL,Ireland,1998,Winter
IRN,Iran,1998,Winter
ISL,Iceland,1998,Winter
ISR,Israel,1998,Winter
ITA,Italy,1998,Winter
JAM,Jamaica,1998,Winter
JPN,Japan,1998,Winter
KAZ,Kazakhstan,1998,Winter
KEN,Kenya,1998,Winter
KGZ,Kyrgyzstan,1998,Winter
KOR,South Korea,1998,Winter
LIE,Liechtenstein,1998,Winter
LTU,Lithuania,1998,Winter
LUX,Luxembourg,1998,Winter
LVA,Latvia,1998,Winter
MCO,Monaco,1998,Winter
MDA,Moldova,1998,Winter
MKD,North Macedonia,1998,Winter
MNG,Mongolia,1998,Winter
NLD,Netherlands,1998,Winter
NOR,Norway,1998,Winter
NZL,New Zealand,1998,Winter
POL,Poland,1998,Winter
PRI,Puerto Rico,1998,Winter
PRK,North Korea,1998,Winter
PRT,Portugal,1998,Winter
ROU,Romania,1998,Winter
RUS,Russia,1998,Winter
SVK,Slovakia,1998,Winter
SVN,Slovenia,1998,Winter
SWE,Sweden,1998,Winter
TTO,Trinidad and Tobago,1998,Winter
TUR,Turkey,1998,Winter
TWN,Taiwan,1998,Winter
UKR,Ukraine,1998,Winter
URY,Uruguay,1998,Winter
USA,United States,1998,Winter
UZB,Uzbekistan,1998,Winter
VEN,Venezuela,1998,Winter
VIR,US Virgin Islands,1998,Winter
ZAF,South Africa,1998,Winter
ABW,Aruba,2000,Summer
AGO,Angola,2000,Summer
ALB,Albania,2000,Summer
AND,Andorra,2000,Summer
ARE,United Arab Emirates,2000,Summer
ARG,Argentina,2000,Summer
ARM,Armenia,2000,Summer
ASM,American Samoa,2000,Summer
ATG,Antigua and Barbuda,2000,Summer
AUS,Australia,2000,Summer
AUT,Austria,2000,Summer
AZE,Azerbaijan,2000,Summer
BDI,Burundi,2000,Summer
BEL,Belgium,2000,Summer
BEN,Benin,2000,Summer
BFA,Burkina Faso,2000,Summer
BGD,Bangladesh,2000,Summer
BGR,Bulgaria,2000,Summer
BHR,Bahrain,2000,Summer
BHS,Bahamas,2000,Summer
BIH,Bosnia and Herzegovina,2000,Summer
BLR,Belarus,2000,Summer
BLZ,Belize,2000,Summer
BMU,Bermuda,2000,Summer
BOL,Bolivia,2000,Summer
BRA,Brazil,2000,Summer
BRB,Barbados,2000,Summer
BRN,Brunei,2000,Summer
BTN,Bhutan,2000,Summer
BWA,Botswana,2000,Summer
CAF,Central African Republic,2000,Summer
CAN,Canada,2000,Summer
CHE,Switzerland,2000,Summer
CHL,Chile,2000,Summer
CHN,China,2000,Summer
CIV,Ivory Coast,2000,Summer
CMR,Cameroon,2000,Summer
COD,DR Congo,2000,Summer
COG,Congo,2000,Summer
COK,Cook Islands,2000,Summer
COL,Colombia,2000,Summer
COM,Comoros,2000,Summer
CPV,Cape Verde,2000,Summer
CRI,Costa Rica,2000,Summer
CUB,Cuba,2000,Summer
CUW,Netherlands Antilles,2000,Summer
CYM,Cayman Islands,2000,Summer
CYP,Cyprus,2000,Summer
CZE,Czech Republic,2000,Summer
DEU,Germany,2000,Summer
DJI,Djibouti,2000,Summer
DMA,Dominica,2000,Summer
DNK,Denmark,2000,Summer
DOM,Dominican Republic,2000,Summer
DZA,Algeria,2000,Summer
ECU,Ecuador,2000,Summer
EGY,Egypt,2000,Summer
ERI,Eritrea,2000,Summer
ESP,Spain,2000,Summer
EST,Estonia,2000,Summer
ETH,Ethiopia,2000,Summer
FIN,Finland,2000,Summer
FJI,Fiji,2000,Summer
FRA,France,2000,Summer
FSM,Micronesia,2000,Summer
GAB,Gabon,2000,Summer
GBR,United Kingdom,2000,Summer
GEO,Georgia,2000,Summer
GHA,Ghana,2000,Summer
GIN,Guinea,2000,Summer
GMB,Gambia,2000,Summer
GNB,Guinea-Bissau,2000,Summer
GNQ,Equatorial Guinea,2000,Summer
GRC,Greece,2000,Summer
GRD,Grenada,2000,Summer
GTM,Guatemala,2000,Summer
GUM,Guam,2000,Summer
GUY,Guyana,2000,Summer
HKG,Hong Kong,2000,Summer
HND,Honduras,2000,Summer
HRV,Croatia,2000,Summer
HTI,Haiti,2000,Summer
HUN,Hungary,2000,Summer
IDN,Indonesia,2000,Summer
IND,India,2000,Summer
IRL,Ireland,2000,Summer
IRN,Iran,2000,Summer
IRQ,Iraq,2000,Summer
ISL,Iceland,2000,Summer
ISR,Israel,2000,Summer
ITA,Italy,2000,Summer
JAM,Jamaica,2000,Summer
JOR,Jordan,2000,Summer
JPN,Japan,2000,Summer
KAZ,Kazakhstan,2000,Summer
KEN,Kenya,2000,Summer
KGZ,Kyrgyzstan,2000,Summer
KHM,Cambodia,2000,Summer
KNA,Saint Kitts and Nevis,2000,Summer
KOR,South Korea,2000,Summer
KWT,Kuwait,2000,Summer
LAO,Laos,2000,Summer
LBN,Lebanon,2000,Summer
LBR,Liberia,2000,Summer
LBY,Libya,2000,Summer
LCA,Saint Lucia,2000,Summer
LIE,Liechtenstein,2000,Summer
LKA,Sri Lanka,2000,Summer
LSO,Lesotho,2000,Summer
LTU,Lithuania,2000,Summer
LUX,Luxembourg,2000,Summer
LVA,Latvia,2000,Summer
MAR,Morocco,2000,Summer
MCO,Monaco,2000,Summer
MDA,Moldova,2000,Summer
MDG,Madagascar,2000,Summer
MDV,Maldives,2000,Summer
MEX,Mexico,2000,Summer
MKD,North Macedonia,2000,Summer
MLI,Mali,2000,Summer
MLT,Malta,2000,Summer
MMR,Myanmar,2000,Summer
MNG,Mongolia,2000,Summer
MOZ,Mozambique,2000,Summer
MRT,Mauritania,2000,Summer
MUS,Mauritius,2000,Summer
MWI,Malawi,2000,Summer
MYS,Malaysia,2000,Summer
NAM,Namibia,2000,Summer
NER,Niger,2000,Summer
NGA,Nigeria,2000,Summer
NIC,Nicaragua,2000,Summer
NLD,Netherlands,2000,Summer
NOR,Norway,2000,Summer
NPL,Nepal,2000,Summer
NRU,Nauru,2000,Summer
NZL,New Zealand,2000,Summer
OMN,Oman,2000,Summer
PAK,Pakistan,2000,Summer
PAN,Panama,2000,Summer
PER,Peru,2000,Summer
PHL,Philippines,2000,Summer
PLW,Palau,2000,Summer
PNG,Papua New Guinea,2000,Summer
POL,Poland,2000,Summer
PRI,Puerto Rico,2000,Summer
PRK,North Korea,2000,Summer
PRT,Portugal,2000,Summer
PRY,Paraguay,2000,Summer
PSE,Palestine,2000,Summer
QAT,Qatar,2000,Summer
ROU,Romania,2000,Summer
RUS,Russia,2000,Summer
RWA,Rwanda,2000,Summer
SAU,Saudi Arabia,2000,Summer
SDN,Sudan,2000,Summer
SEN,Senegal,2000,Summer
SGP,Singapore,2000,Summer
SLB,Solomon Islands,2000,Summer
SLE,Sierra Leone,2000,Summer
SLV,El Salvador,2000,Summer
SMR,San Marino,2000,Summer
SOM,Somalia,2000,Summer
STP,Sao Tome and Principe,2000,Summer
SUR,Suriname,2000,Summer
SVK,Slovakia,2000,Summer
SVN,Slovenia,2000,Summer
SWE,Sweden,2000,Summer
SWZ,Eswatini,2000,Summer
SYC,Seychelles,2000,Summer
SYR,Syria,2000,Summer
TCD,Chad,2000,Summer
TGO,Togo,2000,Summer
THA,Thailand,2000,Summer
TJK,Tajikistan,2000,Summer
TKM,Turkmenistan,2000,Summer
TON,Tonga,2000,Summer
TTO,Trinidad and Tobago,2000,Summer
TUN,Tunisia,2000,Summer
TUR,Turkey,2000,Summer
TWN,Taiwan,2000,Summer
TZA,Tanzania,2000,Summer
UGA,Uganda,2000,Summer
UKR,Ukraine,2000,Summer
URY,Uruguay,2000,Summer
USA,United States,2000,Summer
UZB,Uzbekistan,2000,Summer
VCT,Saint Vincent and the Grenadines,2000,Summer
VEN,Venezuela,2000,Summer
VGB,British Virgin Islands,2000,Summer
VIR,US Virgin Islands,2000,Summer
VNM,Vietnam,2000,Summer
VUT,Vanuatu,2000,Summer
WSM,Samoa,2000,Summer
YEM,Yemen,2000,Summer
ZAF,South Africa,2000,Summer
ZMB,Zambia,2000,Summer
ZWE,Zimbabwe,2000,Summer
AND,Andorra,2002,Winter
ARG,Argentina,2002,Winter
ARM,Armenia,2002,Winter
AUS,Australia,2002,Winter
AUT,Austria,2002,Winter
AZE,Azerbaijan,2002,Winter
BEL,Belgium,2002,Winter
BGR,Bulgaria,2002,Winter
BIH,Bosnia and Herzegovina,2002,Winter
BLR,Belarus,2002,Winter
BMU,Bermuda,2002,Winter
BRA,Brazil,2002,Winter
CAN,Canada,2002,Winter
CHE,Switzerland,2002,Winter
CHL,Chile,2002,Winter
CHN,China,2002,Winter
CMR,Cameroon,2002,Winter
CRI,Costa Rica,2002,Winter
CYP,Cyprus,2002,Winter
CZE,Czech Republic,2002,Winter
DEU,Germany,2002,Winter
DNK,Denmark,2002,Winter
ESP,Spain,2002,Winter
EST,Estonia,2002,Winter
FIN,Finland,2002,Winter
FJI,Fiji,2002,Winter
FRA,France,2002,Winter
GBR,United Kingdom,2002,Winter
GEO,Georgia,2002,Winter
GRC,Greece,2002,Winter
HKG,Hong Kong,2002,Winter
HRV,Croatia,2002,Winter
HUN,Hungary,2002,Winter
IND,India,2002,Winter
IRL,Ireland,2002,Winter
IRN,Iran,2002,Winter
ISL,Iceland,2002,Winter
ISR,Israel,2002,Winter
ITA,Italy,2002,Winter
JAM,Jamaica,2002,Winter
JPN,Japan,2002,Winter
KAZ,Kazakhstan,2002,Winter
KEN,Kenya,2002,Winter
KGZ,Kyrgyzstan,2002,Winter
KOR,South Korea,2002,Winter
LBN,Lebanon,2002,Winter
LIE,Liechtenstein,2002,Winter
LTU,Lithuania,2002,Winter
LVA,Latvia,2002,Winter
MCO,Monaco,2002,Winter
MDA,Moldova,2002,Winter
MEX,Mexico,2002,Winter
MKD,North Macedonia,2002,Winter
MNG,Mongolia,2002,Winter
NLD,Netherlands,2002,Winter
NOR,Norway,2002,Winter
NPL,Nepal,2002,Winter
NZL,New Zealand,2002,Winter
POL,Poland,2002,Winter
PRK,North Korea,2002,Winter
ROU,Romania,2002,Winter
RUS,Russia,2002,Winter
SMR,San Marino,2002,Winter
SVK,Slovakia,2002,Winter
SVN,Slovenia,2002,Winter
SWE,Sweden,2002,Winter
THA,Thailand,2002,Winter
TJK,Tajikistan,2002,Winter
TTO,Trinidad and Tobago,2002,Winter
TUR,Turkey,2002,Winter
TWN,Taiwan,2002,Winter
UKR,Ukraine,2002,Winter
USA,United States,2002,Winter
UZB,Uzbekistan,2002,Winter
VEN,Venezuela,2002,Winter
VIR,US Virgin Islands,2002,Winter
ZAF,South Africa,2002,Winter
ABW,Aruba,2004,Summer
AFG,Afghanistan,2004,Summer
AGO,Angola,2004,Summer
ALB,Albania,2004,Summer
AND,Andorra,2004,Summer
ARE,United Arab Emirates,2004,Summer
ARG,Argentina,2004,Summer
ARM,Armenia,2004,Summer
ASM,American Samoa,2004,Summer
ATG,Antigua and Barbuda,2004,Summer
AUS,Australia,2004,Summer
AUT,Austria,2004,Summer
AZE,Azerbaijan,2004,Summer
BDI,Burundi,2004,Summer
BEL,Belgium,2004,Summer
BEN,Benin,2004,Summer
BFA,Burkina Faso,2004,Summer
BGD,Bangladesh,2004,Summer
BGR,Bulgaria,2004,Summer
BHR,Bahrain,2004,Summer
BHS,Bahamas,2004,Summer
BIH,Bosnia and Herzegovina,2004,Summer
BLR,Belarus,2004,Summer
BLZ,Belize,2004,Summer
BMU,Bermuda,2004,Summer
BOL,Bolivia,2004,Summer
BRA,Brazil,2004,Summer
BRB,Barbados,2004,Summer
BRN,Brunei,2004,Summer
BTN,Bhutan,2004,Summer
BWA,Botswana,2004,Summer
CAF,Central African Republic,2004,Summer
CAN,Canada,2004,Summer
CHE,Switzerland,2004,Summer
CHL,Chile,2004,Summer
CHN,China,2004,Summer
CIV,Ivory Coast,2004,Summer
CMR,Cameroon,2004,Summer
COD,DR Congo,2004,Summer
COG,Congo,2004,Summer
COK,Cook Islands,2004,Summer
COL,Colombia,2004,Summer
COM,Comoros,2004,Summer
CPV,Cape Verde,2004,Summer
CRI,Costa Rica,2004,Summer
CUB,Cuba,2004,Summer
CUW,Netherlands Antilles,2004,Summer
CYM,Cayman Islands,2004,Summer
CYP,Cyprus,2004,Summer
CZE,Czech Republic,2004,Summer
DEU,Germany,2004,Summer
DMA,Dominica,2004,Summer
DNK,Denmark,2004,Summer
DOM,Dominican Republic,2004,Summer
DZA,Algeria,2004,Summer
ECU,Ecuador,2004,Summer
EGY,Egypt,2004,Summer
ERI,Eritrea,2004,Summer
ESP,Spain,2004,Summer
EST,Estonia,2004,Summer
ETH,Ethiopia,2004,Summer
FIN,Finland,2004,Summer
FJI,Fiji,2004,Summer
FRA,France,2004,Summer
FSM,Micronesia,2004,Summer
GAB,Gabon,2004,Summer
GBR,United Kingdom,2004,Summer
GEO,Georgia,2004,Summer
GHA,Ghana,2004,Summer
GIN,Guinea,2004,Summer
GMB,Gambia,2004,Summer
GNB,Guinea-Bissau,2004,Summer
GNQ,Equatorial Guinea,2004,Summer
GRC,Greece,2004,Summer
GRD,Grenada,2004,Summer
GTM,Guatemala,2004,Summer
GUM,Guam,2004,Summer
GUY,Guyana,2004,Summer
HKG,Hong Kong,2004,Summer
HND,Honduras,2004,Summer
HRV,Croatia,2004,Summer
HTI,Haiti,2004,Summer
HUN,Hungary,2004,Summer
IDN,Indonesia,2004,Summer
IND,India,2004,Summer
IRL,Ireland,2004,Summer
IRN,Iran,2004,Summer
IRQ,Iraq,2004,Summer
ISL,Iceland,2004,Summer
ISR,Israel,2004,Summer
ITA,Italy,2004,Summer
JAM,Jamaica,2004,Summer
JOR,Jordan,2004,Summer
JPN,Japan,2004,Summer
KAZ,Kazakhstan,2004,Summer
KEN,Kenya,2004,Summer
KGZ,Kyrgyzstan,2004,Summer
KHM,Cambodia,2004,Summer
KIR,Kiribati,2004,Summer
KNA,Saint Kitts and Nevis,2004,Summer
KOR,South Korea,2004,Summer
KWT,Kuwait,2004,Summer
LAO,Laos,2004,Summer
LBN,Lebanon,2004,Summer
LBR,Liberia,2004,Summer
LBY,Libya,2004,Summer
LCA,Saint Lucia,2004,Summer
LIE,Liechtenstein,2004,Summer
LKA,Sri Lanka,2004,Summer
LSO,Lesotho,2004,Summer
LTU,Lithuania,2004,Summer
LUX,Luxembourg,2004,Summer
LVA,Latvia,2004,Summer
MAR,Morocco,2004,Summer
MCO,Monaco,2004,Summer
MDA,Moldova,2004,Summer
MDG,Madagascar,2004,Summer
MDV,Maldives,2004,Summer
MEX,Mexico,2004,Summer
MKD,North Macedonia,2004,Summer
MLI,Mali,2004,Summer
MLT,Malta,2004,Summer
MMR,Myanmar,2004,Summer
MNG,Mongolia,2004,Summer
MOZ,Mozambique,2004,Summer
MRT,Mauritania,2004,Summer
MUS,Mauritius,2004,Summer
MWI,Malawi,2004,Summer
MYS,Malaysia,2004,Summer
NAM,Namibia,2004,Summer
NER,Niger,2004,Summer
NGA,Nigeria,2004,Summer
NIC,Nicaragua,2004,Summer
NLD,Netherlands,2004,Summer
NOR,Norway,2004,Summer
NPL,Nepal,2004,Summer
NRU,Nauru,2004,Summer
NZL,New Zealand,2004,Summer
OMN,Oman,2004,Summer
PAK,Pakistan,2004,Summer
PAN,Panama,2004,Summer
PER,Peru,2004,Summer
PHL,Philippines,2004,Summer
PLW,Palau,2004,Summer
PNG,Papua New Guinea,2004,Summer
POL,Poland,2004,Summer
PRI,Puerto Rico,2004,Summer
PRK,North Korea,2004,Summer
PRT,Portugal,2004,Summer
PRY,Paraguay,2004,Summer
PSE,Palestine,2004,Summer
QAT,Qatar,2004,Summer
ROU,Romania,2004,Summer
RUS,Russia,2004,Summer
RWA,Rwanda,2004,Summer
SAU,Saudi Arabia,2004,Summer
SDN,Sudan,2004,Summer
SEN,Senegal,2004,Summer
SGP,Singapore,2004,Summer
SLB,Solomon Islands,2004,Summer
SLE,Sierra Leone,2004,Summer
SLV,El Salvador,2004,Summer
SMR,San Marino,2004,Summer
SOM,Somalia,2004,Summer
STP,Sao Tome and Principe,2004,Summer
SUR,Suriname,2004,Summer
SVK,Slovakia,2004,Summer
SVN,Slovenia,2004,Summer
SWE,Sweden,2004,Summer
SWZ,Eswatini,2004,Summer
SYC,Seychelles,2004,Summer
SYR,Syria,2004,Summer
TCD,Chad,2004,Summer
TGO,Togo,2004,Summer
THA,Thailand,2004,Summer
TJK,Tajikistan,2004,Summer
TKM,Turkmenistan,2004,Summer
TLS,Timor-Leste,2004,Summer
TON,Tonga,2004,Summer
TTO,Trinidad and Tobago,2004,Summer
TUN,Tunisia,2004,Summer
TUR,Turkey,2004,Summer
TWN,Taiwan,2004,Summer
TZA,Tanzania,2004,Summer
UGA,Uganda,2004,Summer
UKR,Ukraine,2004,Summer
URY,Uruguay,2004,Summer
USA,United States,2004,Summer
UZB,Uzbekistan,2004,Summer
VCT,Saint Vincent and the Grenadines,2004,Summer
VEN,Venezuela,2004,Summer
VGB,British Virgin Islands,2004,Summer
VIR,US Virgin Islands,2004,Summer
VNM,Vietnam,2004,Summer
VUT,Vanuatu,2004,Summer
WSM,Samoa,2004,Summer
YEM,Yemen,2004,Summer
ZAF,South Africa,2004,Summer
ZMB,Zambia,2004,Summer
ZWE,Zimbabwe,2004,Summer
ALB,Albania,2006,Winter
AND,Andorra,2006,Winter
ARG,Argentina,2006,Winter
ARM,Armenia,2006,Winter
AUS,Australia,2006,Winter
AUT,Austria,2006,Winter
AZE,Azerbaijan,2006,Winter
BEL,Belgium,2006,Winter
BGR,Bulgaria,2006,Winter
BIH,Bosnia and Herzegovina,2006,Winter
BLR,Belarus,2006,Winter
BMU,Bermuda,2006,Winter
BRA,Brazil,2006,Winter
CAN,Canada,2006,Winter
CHE,Switzerland,2006,Winter
CHL,Chile,2006,Winter
CHN,China,2006,Winter
CRI,Costa Rica,2006,Winter
CYP,Cyprus,2006,Winter
CZE,Czech Republic,2006,Winter
DEU,Germany,2006,Winter
DNK,Denmark,2006,Winter
DZA,Algeria,2006,Winter
ESP,Spain,2006,Winter
EST,Estonia,2006,Winter
ETH,Ethiopia,2006,Winter
FIN,Finland,2006,Winter
FRA,France,2006,Winter
GBR,United Kingdom,2006,Winter
GEO,Georgia,2006,Winter
GRC,Greece,2006,Winter
HKG,Hong Kong,2006,Winter
HRV,Croatia,2006,Winter
HUN,Hungary,2006,Winter
IND,India,2006,Winter
IRL,Ireland,2006,Winter
IRN,Iran,2006,Winter
ISL,Iceland,2006,Winter
ISR,Israel,2006,Winter
ITA,Italy,2006,Winter
JPN,Japan,2006,Winter
KAZ,Kazakhstan,2006,Winter
KEN,Kenya,2006,Winter
KGZ,Kyrgyzstan,2006,Winter
KOR,South Korea,2006,Winter
LBN,Lebanon,2006,Winter
LIE,Liechtenstein,2006,Winter
LTU,Lithuania,2006,Winter
LUX,Luxembourg,2006,Winter
LVA,Latvia,2006,Winter
MCO,Monaco,2006,Winter
MDA,Moldova,2006,Winter
MDG,Madagascar,2006,Winter
MKD,North Macedonia,2006,Winter
MNG,Mongolia,2006,Winter
NLD,Netherlands,2006,Winter
NOR,Norway,2006,Winter
NPL,Nepal,2006,Winter
NZL,New Zealand,2006,Winter
POL,Poland,2006,Winter
PRK,North Korea,2006,Winter
PRT,Portugal,2006,Winter
ROU,Romania,2006,Winter
RUS,Russia,2006,Winter
SEN,Senegal,2006,Winter
SMR,San Marino,2006,Winter
SVK,Slovakia,2006,Winter
SVN,Slovenia,2006,Winter
SWE,Sweden,2006,Winter
THA,Thailand,2006,Winter
TJK,Tajikistan,2006,Winter
TUR,Turkey,2006,Winter
TWN,Taiwan,2006,Winter
UKR,Ukraine,2006,Winter
USA,United States,2006,Winter
UZB,Uzbekistan,2006,Winter
VEN,Venezuela,2006,Winter
VIR,US Virgin Islands,2006,Winter
ZAF,South Africa,2006,Winter
ABW,Aruba,2008,Summer
AFG,Afghanistan,2008,Summer
AGO,Angola,2008,Summer
ALB,Albania,2008,Summer
AND,Andorra,2008,Summer
ARE,United Arab Emirates,2008,Summer
ARG,Argentina,2008,Summer
ARM,Armenia,2008,Summer
ASM,American Samoa,2008,Summer
ATG,Antigua and Barbuda,2008,Summer
AUS,Australia,2008,Summer
AUT,Austria,2008,Summer
AZE,Azerbaijan,2008,Summer
BDI,Burundi,2008,Summer
BEL,Belgium,2008,Summer
BEN,Benin,2008,Summer
BFA,Burkina Faso,2008,Summer
BGD,Bangladesh,2008,Summer
BGR,Bulgaria,2008,Summer
BHR,Bahrain,2008,Summer
BHS,Bahamas,2008,Summer
BIH,Bosnia and Herzegovina,2008,Summer
BLR,Belarus,2008,Summer
BLZ,Belize,2008,Summer
BMU,Bermuda,2008,Summer
BOL,Bolivia,2008,Summer
BRA,Brazil,2008,Summer
BRB,Barbados,2008,Summer
BTN,Bhutan,2008,Summer
BWA,Botswana,2008,Summer
CAF,Central African Republic,2008,Summer
CAN,Canada,2008,Summer
CHE,Switzerland,2008,Summer
CHL,Chile,2008,Summer
CHN,China,2008,Summer
CIV,Ivory Coast,2008,Summer
CMR,Cameroon,2008,Summer
COD,DR Congo,2008,Summer
COG,Congo,2008,Summer
COK,Cook Islands,2008,Summer
COL,Colombia,2008,Summer
COM,Comoros,2008,Summer
CPV,Cape Verde,2008,Summer
CRI,Costa Rica,2008,Summer
CUB,Cuba,2008,Summer
CUW,Netherlands Antilles,2008,Summer
CYM,Cayman Islands,2008,Summer
CYP,Cyprus,2008,Summer
CZE,Czech Republic,2008,Summer
DEU,Germany,2008,Summer
DJI,Djibouti,2008,Summer
DMA,Dominica,2008,Summer
DNK,Denmark,2008,Summer
DOM,Dominican Republic,2008,Summer
DZA,Algeria,2008,Summer
ECU,Ecuador,2008,Summer
EGY,Egypt,2008,Summer
ERI,Eritrea,2008,Summer
ESP,Spain,2008,Summer
EST,Estonia,2008,Summer
ETH,Ethiopia,2008,Summer
FIN,Finland,2008,Summer
FJI,Fiji,2008,Summer
FRA,France,2008,Summer
FSM,Micronesia,2008,Summer
GAB,Gabon,2008,Summer
GBR,United Kingdom,2008,Summer
GEO,Georgia,2008,Summer
GHA,Ghana,2008,Summer
GIN,Guinea,2008,Summer
GMB,Gambia,2008,Summer
GNB,Guinea-Bissau,2008,Summer
GNQ,Equatorial Guinea,2008,Summer
GRC,Greece,2008,Summer
GRD,Grenada,2008,Summer
GTM,Guatemala,2008,Summer
GUM,Guam,2008,Summer
GUY,Guyana,2008,Summer
HKG,Hong Kong,2008,Summer
HND,Honduras,2008,Summer
HRV,Croatia,2008,Summer
HTI,Haiti,2008,Summer
HUN,Hungary,2008,Summer
IDN,Indonesia,2008,Summer
IND,India,2008,Summer
IRL,Ireland,2008,Summer
IRN,Iran,2008,Summer
IRQ,Iraq,2008,Summer
ISL,Iceland,2008,Summer
ISR,Israel,2008,Summer
ITA,Italy,2008,Summer
JAM,Jamaica,2008,Summer
JOR,Jordan,2008,Summer
JPN,Japan,2008,Summer
KAZ,Kazakhstan,2008,Summer
KEN,Kenya,2008,Summer
KGZ,Kyrgyzstan,2008,Summer
KHM,Cambodia,2008,Summer
KIR,Kiribati,2008,Summer
KNA,Saint Kitts and Nevis,2008,Summer
KOR,South Korea,2008,Summer
KWT,Kuwait,2008,Summer
LAO,Laos,2008,Summer
LBN,Lebanon,2008,Summer
LBR,Liberia,2008,Summer
LBY,Libya,2008,Summer
LCA,Saint Lucia,2008,Summer
LIE,Liechtenstein,2008,Summer
LKA,Sri Lanka,2008,Summer
LSO,Lesotho,2008,Summer
LTU,Lithuania,2008,Summer
LUX,Luxembourg,2008,Summer
LVA,Latvia,2008,Summer
MAR,Morocco,2008,Summer
MCO,Monaco,2008,Summer
MDA,Moldova,2008,Summer
MDG,Madagascar,2008,Summer
MDV,Maldives,2008,Summer
MEX,Mexico,2008,Summer
MHL,Marshall Islands,2008,Summer
MKD,North Macedonia,2008,Summer
MLI,Mali,2008,Summer
MLT,Malta,2008,Summer
MMR,Myanmar,2008,Summer
MNE,Montenegro,2008,Summer
MNG,Mongolia,2008,Summer
MOZ,Mozambique,2008,Summer
MRT,Mauritania,2008,Summer
MUS,Mauritius,2008,Summer
MWI,Malawi,2008,Summer
MYS,Malaysia,2008,Summer
NAM,Namibia,2008,Summer
NER,Niger,2008,Summer
NGA,Nigeria,2008,Summer
NIC,Nicaragua,2008,Summer
NLD,Netherlands,2008,Summer
NOR,Norway,2008,Summer
NPL,Nepal,2008,Summer
NRU,Nauru,2008,Summer
NZL,New Zealand,2008,Summer
OMN,Oman,2008,Summer
PAK,Pakistan,2008,Summer
PAN,Panama,2008,Summer
PER,Peru,2008,Summer
PHL,Philippines,2008,Summer
PLW,Palau,2008,Summer
PNG,Papua New Guinea,2008,Summer
POL,Poland,2008,Summer
PRI,Puerto Rico,2008,Summer
PRK,North Korea,2008,Summer
PRT,Portugal,2008,Summer
PRY,Paraguay,2008,Summer
PSE,Palestine,2008,Summer
QAT,Qatar,2008,Summer
ROU,Romania,2008,Summer
RUS,Russia,2008,Summer
RWA,Rwanda,2008,Summer
SAU,Saudi Arabia,2008,Summer
SDN,Sudan,2008,Summer
SEN,Senegal,2008,Summer
SGP,Singapore,2008,Summer
SLB,Solomon Islands,2008,Summer
SLE,Sierra Leone,2008,Summer
SLV,El Salvador,2008,Summer
SMR,San Marino,2008,Summer
SOM,Somalia,2008,Summer
SRB,Serbia,2008,Summer
STP,Sao Tome and Principe,2008,Summer
SUR,Suriname,2008,Summer
SVK,Slovakia,2008,Summer
SVN,Slovenia,2008,Summer
SWE,Sweden,2008,Summer
SWZ,Eswatini,2008,Summer
SYC,Seychelles,2008,Summer
SYR,Syria,2008,Summer
TCD,Chad,2008,Summer
TGO,Togo,2008,Summer
THA,Thailand,2008,Summer
TJK,Tajikistan,2008,Summer
TKM,Turkmenistan,2008,Summer
TLS,Timor-Leste,2008,Summer
TON,Tonga,2008,Summer
TTO,Trinidad and Tobago,2008,Summer
TUN,Tunisia,2008,Summer
TUR,Turkey,2008,Summer
TUV,Tuvalu,2008,Summer
TWN,Taiwan,2008,Summer
TZA,Tanzania,2008,Summer
UGA,Uganda,2008,Summer
UKR,Ukraine,2008,Summer
URY,Uruguay,2008,Summer
USA,United States,2008,Summer
UZB,Uzbekistan,2008,Summer
VCT,Saint Vincent and the Grenadines,2008,Summer
VEN,Venezuela,2008,Summer
VGB,British Virgin Islands,2008,Summer
VIR,US Virgin Islands,2008,Summer
VNM,Vietnam,2008,Summer
VUT,Vanuatu,2008,Summer
WSM,Samoa,2008,Summer
YEM,Yemen,2008,Summer
ZAF,South Africa,2008,Summer
ZMB,Zambia,2008,Summer
ZWE,Zimbabwe,2008,Summer
ABW,Aruba,2010,Summer
AGO,Angola,2010,Summer
AND,Andorra,2010,Summer
ARG,Argentina,2010,Summer
ARM,Armenia,2010,Summer
ATG,Antigua and Barbuda,2010,Summer
AUS,Australia,2010,Summer
AUT,Austria,2010,Summer
AZE,Azerbaijan,2010,Summer
BEL,Belgium,2010,Summer
BFA,Burkina Faso,2010,Summer
BGD,Bangladesh,2010,Summer
BGR,Bulgaria,2010,Summer
BHS,Bahamas,2010,Summer
BIH,Bosnia and Herzegovina,2010,Summer
BLR,Belarus,2010,Summer
BOL,Bolivia,2010,Summer
BRA,Brazil,2010,Summer
BRB,Barbados,2010,Summer
BRN,Brunei,2010,Summer
CAN,Canada,2010,Summer
CHE,Switzerland,2010,Summer
CHN,China,2010,Summer
CIV,Ivory Coast,2010,Summer
COK,Cook Islands,2010,Summer
COL,Colombia,2010,Summer
CUB,Cuba,2010,Summer
CUW,Netherlands Antilles,2010,Summer
CYM,Cayman Islands,2010,Summer
CYP,Cyprus,2010,Summer
CZE,Czech Republic,2010,Summer
DEU,Germany,2010,Summer
DJI,Djibouti,2010,Summer
DNK,Denmark,2010,Summer
DOM,Dominican Republic,2010,Summer
DZA,Algeria,2010,Summer
ECU,Ecuador,2010,Summer
EGY,Egypt,2010,Summer
ERI,Eritrea,2010,Summer
ESP,Spain,2010,Summer
ETH,Ethiopia,2010,Summer
FIN,Finland,2010,Summer
FRA,France,2010,Summer
FSM,Micronesia,2010,Summer
GBR,United Kingdom,2010,Summer
GEO,Georgia,2010,Summer
GRC,Greece,2010,Summer
GRD,Grenada,2010,Summer
GTM,Guatemala,2010,Summer
HKG,Hong Kong,2010,Summer
HND,Honduras,2010,Summer
HRV,Croatia,2010,Summer
HUN,Hungary,2010,Summer
IDN,Indonesia,2010,Summer
IND,India,2010,Summer
IRL,Ireland,2010,Summer
ISL,Iceland,2010,Summer
ISR,Israel,2010,Summer
ITA,Italy,2010,Summer
JAM,Jamaica,2010,Summer
JPN,Japan,2010,Summer
KAZ,Kazakhstan,2010,Summer
KEN,Kenya,2010,Summer
KGZ,Kyrgyzstan,2010,Summer
KIR,Kiribati,2010,Summer
KOR,South Korea,2010,Summer
LBN,Lebanon,2010,Summer
LBY,Libya,2010,Summer
LCA,Saint Lucia,2010,Summer
LIE,Liechtenstein,2010,Summer
LKA,Sri Lanka,2010,Summer
LTU,Lithuania,2010,Summer
LUX,Luxembourg,2010,Summer
LVA,Latvia,2010,Summer
MAR,Morocco,2010,Summer
MDA,Moldova,2010,Summer
MDG,Madagascar,2010,Summer
MDV,Maldives,2010,Summer
MEX,Mexico,2010,Summer
MHL,Marshall Islands,2010,Summer
MKD,North Macedonia,2010,Summer
MMR,Myanmar,2010,Summer
MOZ,Mozambique,2010,Summer
MRT,Mauritania,2010,Summer
MUS,Mauritius,2010,Summer
MWI,Malawi,2010,Summer
MYS,Malaysia,2010,Summer
NGA,Nigeria,2010,Summer
NLD,Netherlands,2010,Summer
NOR,Norway,2010,Summer
NPL,Nepal,2010,Summer
NRU,Nauru,2010,Summer
NZL,New Zealand,2010,Summer
OMN,Oman,2010,Summer
PAK,Pakistan,2010,Summer
PER,Peru,2010,Summer
PHL,Philippines,2010,Summer
PLW,Palau,2010,Summer
PNG,Papua New Guinea,2010,Summer
POL,Poland,2010,Summer
PRI,Puerto Rico,2010,Summer
PRK,North Korea,2010,Summer
PRT,Portugal,2010,Summer
PRY,Paraguay,2010,Summer
PSE,Palestine,2010,Summer
QAT,Qatar,2010,Summer
ROU,Romania,2010,Summer
RUS,Russia,2010,Summer
SAU,Saudi Arabia,2010,Summer
SGP,Singapore,2010,Summer
SLV,El Salvador,2010,Summer
SRB,Serbia,2010,Summer
SUR,Suriname,2010,Summer
SVK,Slovakia,2010,Summer
SVN,Slovenia,2010,Summer
SWE,Sweden,2010,Summer
SYR,Syria,2010,Summer
THA,Thailand,2010,Summer
TKM,Turkmenistan,2010,Summer
TUN,Tunisia,2010,Summer
TUR,Turkey,2010,Summer
TWN,Taiwan,2010,Summer
UGA,Uganda,2010,Summer
UKR,Ukraine,2010,Summer
USA,United States,2010,Summer
UZB,Uzbekistan,2010,Summer
VEN,Venezuela,2010,Summer
VGB,British Virgin Islands,2010,Summer
VNM,Vietnam,2010,Summer
ZAF,South Africa,2010,Summer
ZMB,Zambia,2010,Summer
ALB,Albania,2010,Winter
AND,Andorra,2010,Winter
ARG,Argentina,2010,Winter
ARM,Armenia,2010,Winter
AUS,Australia,2010,Winter
AUT,Austria,2010,Winter
AZE,Azerbaijan,2010,Winter
BEL,Belgium,2010,Winter
BGR,Bulgaria,2010,Winter
BIH,Bosnia and Herzegovina,2010,Winter
BLR,Belarus,2010,Winter
BMU,Bermuda,2010,Winter
BRA,Brazil,2010,Winter
CAN,Canada,2010,Winter
CHE,Switzerland,2010,Winter
CHL,Chile,2010,Winter
CHN,China,2010,Winter
COL,Colombia,2010,Winter
CYM,Cayman Islands,2010,Winter
CYP,Cyprus,2010,Winter
CZE,Czech Republic,2010,Winter
DEU,Germany,2010,Winter
DNK,Denmark,2010,Winter
DZA,Algeria,2010,Winter
ESP,Spain,2010,Winter
EST,Estonia,2010,Winter
ETH,Ethiopia,2010,Winter
FIN,Finland,2010,Winter
FRA,France,2010,Winter
GBR,United Kingdom,2010,Winter
GEO,Georgia,2010,Winter
GHA,Ghana,2010,Winter
GRC,Greece,2010,Winter
HKG,Hong Kong,2010,Winter
HRV,Croatia,2010,Winter
HUN,Hungary,2010,Winter
IND,India,2010,Winter
IRL,Ireland,2010,Winter
IRN,Iran,2010,Winter
ISL,Iceland,2010,Winter
ISR,Israel,2010,Winter
ITA,Italy,2010,Winter
JAM,Jamaica,2010,Winter
JPN,Japan,2010,Winter
KAZ,Kazakhstan,2010,Winter
KGZ,Kyrgyzstan,2010,Winter
KOR,South Korea,2010,Winter
LBN,Lebanon,2010,Winter
LIE,Liechtenstein,2010,Winter
LTU,Lithuania,2010,Winter
LVA,Latvia,2010,Winter
MAR,Morocco,2010,Winter
MCO,Monaco,2010,Winter
MDA,Moldova,2010,Winter
MEX,Mexico,2010,Winter
MKD,North Macedonia,2010,Winter
MNE,Montenegro,2010,Winter
MNG,Mongolia,2010,Winter
NLD,Netherlands,2010,Winter
NOR,Norway,2010,Winter
NPL,Nepal,2010,Winter
NZL,New Zealand,2010,Winter
PAK,Pakistan,2010,Winter
PER,Peru,2010,Winter
POL,Poland,2010,Winter
PRK,North Korea,2010,Winter
PRT,Portugal,2010,Winter
ROU,Romania,2010,Winter
RUS,Russia,2010,Winter
SEN,Senegal,2010,Winter
SMR,San Marino,2010,Winter
SRB,Serbia,2010,Winter
SVK,Slovakia,2010,Winter
SVN,Slovenia,2010,Winter
SWE,Sweden,2010,Winter
TJK,Tajikistan,2010,Winter
TUR,Turkey,2010,Winter
TWN,Taiwan,2010,Winter
UKR,Ukraine,2010,Winter
USA,United States,2010,Winter
UZB,Uzbekistan,2010,Winter
ZAF,South Africa,2010,Winter
ABW,Aruba,2012,Summer
AFG,Afghanistan,2012,Summer
AGO,Angola,2012,Summer
ALB,Albania,2012,Summer
AND,Andorra,2012,Summer
ARE,United Arab Emirates,2012,Summer
ARG,Argentina,2012,Summer
ARM,Armenia,2012,Summer
ASM,American Samoa,2012,Summer
ATG,Antigua and Barbuda,2012,Summer
AUS,Australia,2012,Summer
AUT,Austria,2012,Summer
AZE,Azerbaijan,2012,Summer
BDI,Burundi,2012,Summer
BEL,Belgium,2012,Summer
BEN,Benin,2012,Summer
BFA,Burkina Faso,2012,Summer
BGD,Bangladesh,2012,Summer
BGR,Bulgaria,2012,Summer
BHR,Bahrain,2012,Summer
BHS,Bahamas,2012,Summer
BIH,Bosnia and Herzegovina,2012,Summer
BLR,Belarus,2012,Summer
BLZ,Belize,2012,Summer
BMU,Bermuda,2012,Summer
BOL,Bolivia,2012,Summer
BRA,Brazil,2012,Summer
BRB,Barbados,2012,Summer
BRN,Brunei,2012,Summer
BTN,Bhutan,2012,Summer
BWA,Botswana,2012,Summer
CAF,Central African Republic,2012,Summer
CAN,Canada,2012,Summer
CHE,Switzerland,2012,Summer
CHL,Chile,2012,Summer
CHN,China,2012,Summer
CIV,Ivory Coast,2012,Summer
CMR,Cameroon,2012,Summer
COD,DR Congo,2012,Summer
COG,Congo,2012,Summer
COK,Cook Islands,2012,Summer
COL,Colombia,2012,Summer
COM,Comoros,2012,Summer
CPV,Cape Verde,2012,Summer
CRI,Costa Rica,2012,Summer
CUB,Cuba,2012,Summer
CYM,Cayman Islands,2012,Summer
CYP,Cyprus,2012,Summer
CZE,Czech Republic,2012,Summer
DEU,Germany,2012,Summer
DJI,Djibouti,2012,Summer
DMA,Dominica,2012,Summer
DNK,Denmark,2012,Summer
DOM,Dominican Republic,2012,Summer
DZA,Algeria,2012,Summer
ECU,Ecuador,2012,Summer
EGY,Egypt,2012,Summer
ERI,Eritrea,2012,Summer
ESP,Spain,2012,Summer
EST,Estonia,2012,Summer
ETH,Ethiopia,2012,Summer
FIN,Finland,2012,Summer
FJI,Fiji,2012,Summer
FRA,France,2012,Summer
FSM,Micronesia,2012,Summer
GAB,Gabon,2012,Summer
GBR,United Kingdom,2012,Summer
GEO,Georgia,2012,Summer
GHA,Ghana,2012,Summer
GIN,Guinea,2012,Summer
GMB,Gambia,2012,Summer
GNB,Guinea-Bissau,2012,Summer
GNQ,Equatorial Guinea,2012,Summer
GRC,Greece,2012,Summer
GRD,Grenada,2012,Summer
GTM,Guatemala,2012,Summer
GUM,Guam,2012,Summer
GUY,Guyana,2012,Summer
HKG,Hong Kong,2012,Summer
HND,Honduras,2012,Summer
HRV,Croatia,2012,Summer
HTI,Haiti,2012,Summer
HUN,Hungary,2012,Summer
IDN,Indonesia,2012,Summer
IND,India,2012,Summer
IRL,Ireland,2012,Summer
IRN,Iran,2012,Summer
IRQ,Iraq,2012,Summer
ISL,Iceland,2012,Summer
ISR,Israel,2012,Summer
ITA,Italy,2012,Summer
JAM,Jamaica,2012,Summer
JOR,Jordan,2012,Summer
JPN,Japan,2012,Summer
KAZ,Kazakhstan,2012,Summer
KEN,Kenya,2012,Summer
KGZ,Kyrgyzstan,2012,Summer
KHM,Cambodia,2012,Summer
KIR,Kiribati,2012,Summer
KNA,Saint Kitts and Nevis,2012,Summer
KOR,South Korea,2012,Summer
KWT,Kuwait,2012,Summer
LAO,Laos,2012,Summer
LBN,Lebanon,2012,Summer
LBR,Liberia,2012,Summer
LBY,Libya,2012,Summer
LCA,Saint Lucia,2012,Summer
LIE,Liechtenstein,2012,Summer
LKA,Sri Lanka,2012,Summer
LSO,Lesotho,2012,Summer
LTU,Lithuania,2012,Summer
LUX,Luxembourg,2012,Summer
LVA,Latvia,2012,Summer
MAR,Morocco,2012,Summer
MCO,Monaco,2012,Summer
MDA,Moldova,2012,Summer
MDG,Madagascar,2012,Summer
MDV,Maldives,2012,Summer
MEX,Mexico,2012,Summer
MHL,Marshall Islands,2012,Summer
MKD,North Macedonia,2012,Summer
MLI,Mali,2012,Summer
MLT,Malta,2012,Summer
MMR,Myanmar,2012,Summer
MNE,Montenegro,2012,Summer
MNG,Mongolia,2012,Summer
MOZ,Mozambique,2012,Summer
MRT,Mauritania,2012,Summer
MUS,Mauritius,2012,Summer
MWI,Malawi,2012,Summer
MYS,Malaysia,2012,Summer
NAM,Namibia,2012,Summer
NER,Niger,2012,Summer
NGA,Nigeria,2012,Summer
NIC,Nicaragua,2012,Summer
NLD,Netherlands,2012,Summer
NOR,Norway,2012,Summer
NPL,Nepal,2012,Summer
NRU,Nauru,2012,Summer
NZL,New Zealand,2012,Summer
OMN,Oman,2012,Summer
PAK,Pakistan,2012,Summer
PAN,Panama,2012,Summer
PER,Peru,2012,Summer
PHL,Philippines,2012,Summer
PLW,Palau,2012,Summer
PNG,Papua New Guinea,2012,Summer
POL,Poland,2012,Summer
PRI,Puerto Rico,2012,Summer
PRK,North Korea,2012,Summer
PRT,Portugal,2012,Summer
PRY,Paraguay,2012,Summer
PSE,Palestine,2012,Summer
QAT,Qatar,2012,Summer
ROU,Romania,2012,Summer
RUS,Russia,2012,Summer
RWA,Rwanda,2012,Summer
SAU,Saudi Arabia,2012,Summer
SDN,Sudan,2012,Summer
SEN,Senegal,2012,Summer
SGP,Singapore,2012,Summer
SLB,Solomon Islands,2012,Summer
SLE,Sierra Leone,2012,Summer
SLV,El Salvador,2012,Summer
SMR,San Marino,2012,Summer
SOM,Somalia,2012,Summer
SRB,Serbia,2012,Summer
STP,Sao Tome and Principe,2012,Summer
SUR,Suriname,2012,Summer
SVK,Slovakia,2012,Summer
SVN,Slovenia,2012,Summer
SWE,Sweden,2012,Summer
SWZ,Eswatini,2012,Summer
SYC,Seychelles,2012,Summer
SYR,Syria,2012,Summer
TCD,Chad,2012,Summer
TGO,Togo,2012,Summer
THA,Thailand,2012,Summer
TJK,Tajikistan,2012,Summer
TKM,Turkmenistan,2012,Summer
TLS,Timor-Leste,2012,Summer
TON,Tonga,2012,Summer
TTO,Trinidad and Tobago,2012,Summer
TUN,Tunisia,2012,Summer
TUR,Turkey,2012,Summer
TUV,Tuvalu,2012,Summer
TWN,Taiwan,2012,Summer
TZA,Tanzania,2012,Summer
UGA,Uganda,2012,Summer
UKR,Ukraine,2012,Summer
URY,Uruguay,2012,Summer
USA,United States,2012,Summer
UZB,Uzbekistan,2012,Summer
VCT,Saint Vincent and the Grenadines,2012,Summer
VEN,Venezuela,2012,Summer
VGB,British Virgin Islands,2012,Summer
VIR,US Virgin Islands,2012,Summer
VNM,Vietnam,2012,Summer
VUT,Vanuatu,2012,Summer
WSM,Samoa,2012,Summer
YEM,Yemen,2012,Summer
ZAF,South Africa,2012,Summer
ZMB,Zambia,2012,Summer
ZWE,Zimbabwe,2012,Summer
AND,Andorra,2012,Winter
AUS,Australia,2012,Winter
AUT,Austria,2012,Winter
BEL,Belgium,2012,Winter
BGR,Bulgaria,2012,Winter
CAN,Canada,2012,Winter
CHE,Switzerland,2012,Winter
CHN,China,2012,Winter
CYP,Cyprus,2012,Winter
CZE,Czech Republic,2012,Winter
DEU,Germany,2012,Winter
ERI,Eritrea,2012,Winter
EST,Estonia,2012,Winter
FIN,Finland,2012,Winter
FRA,France,2012,Winter
GBR,United Kingdom,2012,Winter
GRC,Greece,2012,Winter
HRV,Croatia,2012,Winter
HUN,Hungary,2012,Winter
IRL,Ireland,2012,Winter
ISL,Iceland,2012,Winter
ITA,Italy,2012,Winter
JPN,Japan,2012,Winter
KAZ,Kazakhstan,2012,Winter
KOR,South Korea,2012,Winter
LBN,Lebanon,2012,Winter
LIE,Liechtenstein,2012,Winter
LTU,Lithuania,2012,Winter
LVA,Latvia,2012,Winter
MAR,Morocco,2012,Winter
MCO,Monaco,2012,Winter
NLD,Netherlands,2012,Winter
NOR,Norway,2012,Winter
NZL,New Zealand,2012,Winter
PHL,Philippines,2012,Winter
POL,Poland,2012,Winter
ROU,Romania,2012,Winter
RUS,Russia,2012,Winter
SMR,San Marino,2012,Winter
SVK,Slovakia,2012,Winter
SVN,Slovenia,2012,Winter
SWE,Sweden,2012,Winter
TUR,Turkey,2012,Winter
TWN,Taiwan,2012,Winter
UKR,Ukraine,2012,Winter
USA,United States,2012,Winter
ABW,Aruba,2014,Summer
AGO,Angola,2014,Summer
ALB,Albania,2014,Summer
AND,Andorra,2014,Summer
ARG,Argentina,2014,Summer
ARM,Armenia,2014,Summer
ATG,Antigua and Barbuda,2014,Summer
AUS,Australia,2014,Summer
AUT,Austria,2014,Summer
AZE,Azerbaijan,2014,Summer
BEL,Belgium,2014,Summer
BGR,Bulgaria,2014,Summer
BHR,Bahrain,2014,Summer
BHS,Bahamas,2014,Summer
BMU,Bermuda,2014,Summer
BOL,Bolivia,2014,Summer
BRA,Brazil,2014,Summer
BWA,Botswana,2014,Summer
CAN,Canada,2014,Summer
CHE,Switzerland,2014,Summer
CHL,Chile,2014,Summer
CHN,China,2014,Summer
COL,Colombia,2014,Summer
CUB,Cuba,2014,Summer
CYM,Cayman Islands,2014,Summer
CYP,Cyprus,2014,Summer
CZE,Czech Republic,2014,Summer
DEU,Germany,2014,Summer
DJI,Djibouti,2014,Summer
DOM,Dominican Republic,2014,Summer
EGY,Egypt,2014,Summer
ESP,Spain,2014,Summer
FJI,Fiji,2014,Summer
FRA,France,2014,Summer
GBR,United Kingdom,2014,Summer
GRC,Greece,2014,Summer
GTM,Guatemala,2014,Summer
GUY,Guyana,2014,Summer
HKG,Hong Kong,2014,Summer
HUN,Hungary,2014,Summer
IDN,Indonesia,2014,Summer
IND,India,2014,Summer
IRN,Iran,2014,Summer
ISR,Israel,2014,Summer
ITA,Italy,2014,Summer
JAM,Jamaica,2014,Summer
JOR,Jordan,2014,Summer
JPN,Japan,2014,Summer
KAZ,Kazakhstan,2014,Summer
KOR,South Korea,2014,Summer
LBY,Libya,2014,Summer
LKA,Sri Lanka,2014,Summer
LSO,Lesotho,2014,Summer
LTU,Lithuania,2014,Summer
LUX,Luxembourg,2014,Summer
LVA,Latvia,2014,Summer
MAR,Morocco,2014,Summer
MDA,Moldova,2014,Summer
MEX,Mexico,2014,Summer
MLI,Mali,2014,Summer
MNG,Mongolia,2014,Summer
MOZ,Mozambique,2014,Summer
MWI,Malawi,2014,Summer
MYS,Malaysia,2014,Summer
NER,Niger,2014,Summer
NLD,Netherlands,2014,Summer
NOR,Norway,2014,Summer
NZL,New Zealand,2014,Summer
OMN,Oman,2014,Summer
PAK,Pakistan,2014,Summer
PAN,Panama,2014,Summer
PER,Peru,2014,Summer
PLW,Palau,2014,Summer
POL,Poland,2014,Summer
PRI,Puerto Rico,2014,Summer
PRT,Portugal,2014,Summer
ROU,Romania,2014,Summer
RUS,Russia,2014,Summer
SGP,Singapore,2014,Summer
SLV,El Salvador,2014,Summer
SOM,Somalia,2014,Summer
SRB,Serbia,2014,Summer
SVK,Slovakia,2014,Summer
SVN,Slovenia,2014,Summer
SWE,Sweden,2014,Summer
SYC,Seychelles,2014,Summer
TGO,Togo,2014,Summer
THA,Thailand,2014,Summer
TLS,Timor-Leste,2014,Summer
TON,Tonga,2014,Summer
TTO,Trinidad and Tobago,2014,Summer
TUN,Tunisia,2014,Summer
TUR,Turkey,2014,Summer
TWN,Taiwan,2014,Summer
TZA,Tanzania,2014,Summer
UKR,Ukraine,2014,Summer
URY,Uruguay,2014,Summer
USA,United States,2014,Summer
UZB,Uzbekistan,2014,Summer
VEN,Venezuela,2014,Summer
VNM,Vietnam,2014,Summer
ZAF,South Africa,2014,Summer
ZMB,Zambia,2014,Summer
ALB,Albania,2014,Winter
AND,Andorra,2014,Winter
ARG,Argentina,2014,Winter
ARM,Armenia,2014,Winter
AUS,Australia,2014,Winter
AUT,Austria,2014,Winter
AZE,Azerbaijan,2014,Winter
BEL,Belgium,2014,Winter
BGR,Bulgaria,2014,Winter
BIH,Bosnia and Herzegovina,2014,Winter
BLR,Belarus,2014,Winter
BMU,Bermuda,2014,Winter
BRA,Brazil,2014,Winter
CAN,Canada,2014,Winter
CHE,Switzerland,2014,Winter
CHL,Chile,2014,Winter
CHN,China,2014,Winter
CYM,Cayman Islands,2014,Winter
CYP,Cyprus,2014,Winter
CZE,Czech Republic,2014,Winter
DEU,Germany,2014,Winter
DMA,Dominica,2014,Winter
DNK,Denmark,2014,Winter
ESP,Spain,2014,Winter
EST,Estonia,2014,Winter
FIN,Finland,2014,Winter
FRA,France,2014,Winter
GBR,United Kingdom,2014,Winter
GEO,Georgia,2014,Winter
GRC,Greece,2014,Winter
HKG,Hong Kong,2014,Winter
HRV,Croatia,2014,Winter
HUN,Hungary,2014,Winter
IND,India,2014,Winter
IRL,Ireland,2014,Winter
IRN,Iran,2014,Winter
ISL,Iceland,2014,Winter
ISR,Israel,2014,Winter
ITA,Italy,2014,Winter
JAM,Jamaica,2014,Winter
JPN,Japan,2014,Winter
KAZ,Kazakhstan,2014,Winter
KGZ,Kyrgyzstan,2014,Winter
KOR,South Korea,2014,Winter
LBN,Lebanon,2014,Winter
LIE,Liechtenstein,2014,Winter
LTU,Lithuania,2014,Winter
LUX,Luxembourg,2014,Winter
LVA,Latvia,2014,Winter
MAR,Morocco,2014,Winter
MCO,Monaco,2014,Winter
MDA,Moldova,2014,Winter
MEX,Mexico,2014,Winter
MKD,North Macedonia,2014,Winter
MLT,Malta,2014,Winter
MNE,Montenegro,2014,Winter
MNG,Mongolia,2014,Winter
NLD,Netherlands,2014,Winter
NOR,Norway,2014,Winter
NPL,Nepal,2014,Winter
NZL,New Zealand,2014,Winter
PAK,Pakistan,2014,Winter
PER,Peru,2014,Winter
PHL,Philippines,2014,Winter
POL,Poland,2014,Winter
PRT,Portugal,2014,Winter
PRY,Paraguay,2014,Winter
ROU,Romania,2014,Winter
RUS,Russia,2014,Winter
SMR,San Marino,2014,Winter
SRB,Serbia,2014,Winter
SVK,Slovakia,2014,Winter
SVN,Slovenia,2014,Winter
SWE,Sweden,2014,Winter
TGO,Togo,2014,Winter
THA,Thailand,2014,Winter
TJK,Tajikistan,2014,Winter
TLS,Timor-Leste,2014,Winter
TON,Tonga,2014,Winter
TUR,Turkey,2014,Winter
TWN,Taiwan,2014,Winter
UKR,Ukraine,2014,Winter
USA,United States,2014,Winter
UZB,Uzbekistan,2014,Winter
VEN,Venezuela,2014,Winter
VGB,British Virgin Islands,2014,Winter
VIR,US Virgin Islands,2014,Winter
ZWE,Zimbabwe,2014,Winter
ABW,Aruba,2016,Summer
AFG,Afghanistan,2016,Summer
AGO,Angola,2016,Summer
ALB,Albania,2016,Summer
AND,Andorra,2016,Summer
ARE,United Arab Emirates,2016,Summer
ARG,Argentina,2016,Summer
ARM,Armenia,2016,Summer
ASM,American Samoa,2016,Summer
ATG,Antigua and Barbuda,2016,Summer
AUS,Australia,2016,Summer
AUT,Austria,2016,Summer
AZE,Azerbaijan,2016,Summer
BDI,Burundi,2016,Summer
BEL,Belgium,2016,Summer
BEN,Benin,2016,Summer
BFA,Burkina Faso,2016,Summer
BGD,Bangladesh,2016,Summer
BGR,Bulgaria,2016,Summer
BHR,Bahrain,2016,Summer
BHS,Bahamas,2016,Summer
BIH,Bosnia and Herzegovina,2016,Summer
BLR,Belarus,2016,Summer
BLZ,Belize,2016,Summer
BMU,Bermuda,2016,Summer
BOL,Bolivia,2016,Summer
BRA,Brazil,2016,Summer
BRB,Barbados,2016,Summer
BRN,Brunei,2016,Summer
BTN,Bhutan,2016,Summer
BWA,Botswana,2016,Summer
CAF,Central African Republic,2016,Summer
CAN,Canada,2016,Summer
CHE,Switzerland,2016,Summer
CHL,Chile,2016,Summer
CHN,China,2016,Summer
CIV,Ivory Coast,2016,Summer
CMR,Cameroon,2016,Summer
COD,DR Congo,2016,Summer
COG,Congo,2016,Summer
COK,Cook Islands,2016,Summer
COL,Colombia,2016,Summer
COM,Comoros,2016,Summer
CPV,Cape Verde,2016,Summer
CRI,Costa Rica,2016,Summer
CUB,Cuba,2016,Summer
CYM,Cayman Islands,2016,Summer
CYP,Cyprus,2016,Summer
CZE,Czech Republic,2016,Summer
DEU,Germany,2016,Summer
DJI,Djibouti,2016,Summer
DMA,Dominica,2016,Summer
DNK,Denmark,2016,Summer
DOM,Dominican Republic,2016,Summer
DZA,Algeria,2016,Summer
ECU,Ecuador,2016,Summer
EGY,Egypt,2016,Summer
ERI,Eritrea,2016,Summer
ESP,Spain,2016,Summer
EST,Estonia,2016,Summer
ETH,Ethiopia,2016,Summer
FIN,Finland,2016,Summer
FJI,Fiji,2016,Summer
FRA,France,2016,Summer
FSM,Micronesia,2016,Summer
GAB,Gabon,2016,Summer
GBR,United Kingdom,2016,Summer
GEO,Georgia,2016,Summer
GHA,Ghana,2016,Summer
GIN,Guinea,2016,Summer
GMB,Gambia,2016,Summer
GNB,Guinea-Bissau,2016,Summer
GNQ,Equatorial Guinea,2016,Summer
GRC,Greece,2016,Summer
GRD,Grenada,2016,Summer
GTM,Guatemala,2016,Summer
GUM,Guam,2016,Summer
GUY,Guyana,2016,Summer
HKG,Hong Kong,2016,Summer
HND,Honduras,2016,Summer
HRV,Croatia,2016,Summer
HTI,Haiti,2016,Summer
HUN,Hungary,2016,Summer
IDN,Indonesia,2016,Summer
IND,India,2016,Summer
IRL,Ireland,2016,Summer
IRN,Iran,2016,Summer
IRQ,Iraq,2016,Summer
ISL,Iceland,2016,Summer
ISR,Israel,2016,Summer
ITA,Italy,2016,Summer
JAM,Jamaica,2016,Summer
JOR,Jordan,2016,Summer
JPN,Japan,2016,Summer
KAZ,Kazakhstan,2016,Summer
KEN,Kenya,2016,Summer
KGZ,Kyrgyzstan,2016,Summer
KHM,Cambodia,2016,Summer
KIR,Kiribati,2016,Summer
KNA,Saint Kitts and Nevis,2016,Summer
KOR,South Korea,2016,Summer
LAO,Laos,2016,Summer
LBN,Lebanon,2016,Summer
LBR,Liberia,2016,Summer
LBY,Libya,2016,Summer
LCA,Saint Lucia,2016,Summer
LIE,Liechtenstein,2016,Summer
LKA,Sri Lanka,2016,Summer
LSO,Lesotho,2016,Summer
LTU,Lithuania,2016,Summer
LUX,Luxembourg,2016,Summer
LVA,Latvia,2016,Summer
MAR,Morocco,2016,Summer
MCO,Monaco,2016,Summer
MDA,Moldova,2016,Summer
MDG,Madagascar,2016,Summer
MDV,Maldives,2016,Summer
MEX,Mexico,2016,Summer
MHL,Marshall Islands,2016,Summer
MKD,North Macedonia,2016,Summer
MLI,Mali,2016,Summer
MLT,Malta,2016,Summer
MMR,Myanmar,2016,Summer
MNE,Montenegro,2016,Summer
MNG,Mongolia,2016,Summer
MOZ,Mozambique,2016,Summer
MRT,Mauritania,2016,Summer
MUS,Mauritius,2016,Summer
MWI,Malawi,2016,Summer
MYS,Malaysia,2016,Summer
NAM,Namibia,2016,Summer
NER,Niger,2016,Summer
NGA,Nigeria,2016,Summer
NIC,Nicaragua,2016,Summer
NLD,Netherlands,2016,Summer
NOR,Norway,2016,Summer
NPL,Nepal,2016,Summer
NRU,Nauru,2016,Summer
NZL,New Zealand,2016,Summer
OMN,Oman,2016,Summer
PAK,Pakistan,2016,Summer
PAN,Panama,2016,Summer
PER,Peru,2016,Summer
PHL,Philippines,2016,Summer
PLW,Palau,2016,Summer
PNG,Papua New Guinea,2016,Summer
POL,Poland,2016,Summer
PRI,Puerto Rico,2016,Summer
PRK,North Korea,2016,Summer
PRT,Portugal,2016,Summer
PRY,Paraguay,2016,Summer
PSE,Palestine,2016,Summer
QAT,Qatar,2016,Summer
ROU,Romania,2016,Summer
RUS,Russia,2016,Summer
RWA,Rwanda,2016,Summer
SAU,Saudi Arabia,2016,Summer
SDN,Sudan,2016,Summer
SEN,Senegal,2016,Summer
SGP,Singapore,2016,Summer
SLB,Solomon Islands,2016,Summer
SLE,Sierra Leone,2016,Summer
SLV,El Salvador,2016,Summer
SMR,San Marino,2016,Summer
SOM,Somalia,2016,Summer
SRB,Serbia,2016,Summer
SSD,South Sudan,2016,Summer
STP,Sao Tome and Principe,2016,Summer
SUR,Suriname,2016,Summer
SVK,Slovakia,2016,Summer
SVN,Slovenia,2016,Summer
SWE,Sweden,2016,Summer
SWZ,Eswatini,2016,Summer
SYC,Seychelles,2016,Summer
SYR,Syria,2016,Summer
TCD,Chad,2016,Summer
TGO,Togo,2016,Summer
THA,Thailand,2016,Summer
TJK,Tajikistan,2016,Summer
TKM,Turkmenistan,2016,Summer
TLS,Timor-Leste,2016,Summer
TON,Tonga,2016,Summer
TTO,Trinidad and Tobago,2016,Summer
TUN,Tunisia,2016,Summer
TUR,Turkey,2016,Summer
TUV,Tuvalu,2016,Summer
TWN,Taiwan,2016,Summer
TZA,Tanzania,2016,Summer
UGA,Uganda,2016,Summer
UKR,Ukraine,2016,Summer
URY,Uruguay,2016,Summer
USA,United States,2016,Summer
UZB,Uzbekistan,2016,Summer
VCT,Saint Vincent and the Grenadines,2016,Summer
VEN,Venezuela,2016,Summer
VGB,British Virgin Islands,2016,Summer
VIR,US Virgin Islands,2016,Summer
VNM,Vietnam,2016,Summer
VUT,Vanuatu,2016,Summer
WSM,Samoa,2016,Summer
XKX,Kosovo,2016,Summer
YEM,Yemen,2016,Summer
ZAF,South Africa,2016,Summer
ZMB,Zambia,2016,Summer
ZWE,Zimbabwe,2016,Summer
ARG,Argentina,2016,Winter
ARM,Armenia,2016,Winter
AUS,Australia,2016,Winter
AUT,Austria,2016,Winter
BEL,Belgium,2016,Winter
BGR,Bulgaria,2016,Winter
BIH,Bosnia and Herzegovina,2016,Winter
BRA,Brazil,2016,Winter
CAN,Canada,2016,Winter
CHE,Switzerland,2016,Winter
CHL,Chile,2016,Winter
CHN,China,2016,Winter
COL,Colombia,2016,Winter
CZE,Czech Republic,2016,Winter
DEU,Germany,2016,Winter
EST,Estonia,2016,Winter
FIN,Finland,2016,Winter
FRA,France,2016,Winter
HRV,Croatia,2016,Winter
HUN,Hungary,2016,Winter
ISR,Israel,2016,Winter
ITA,Italy,2016,Winter
JPN,Japan,2016,Winter
KAZ,Kazakhstan,2016,Winter
KEN,Kenya,2016,Winter
KOR,South Korea,2016,Winter
LTU,Lithuania,2016,Winter
LUX,Luxembourg,2016,Winter
LVA,Latvia,2016,Winter
MKD,North Macedonia,2016,Winter
MNE,Montenegro,2016,Winter
NOR,Norway,2016,Winter
NZL,New Zealand,2016,Winter
POL,Poland,2016,Winter
ROU,Romania,2016,Winter
RUS,Russia,2016,Winter
SMR,San Marino,2016,Winter
SVK,Slovakia,2016,Winter
SVN,Slovenia,2016,Winter
SWE,Sweden,2016,Winter
UKR,Ukraine,2016,Winter
USA,United States,2016,Winter
ATG,Antigua and Barbuda,2018,Summer
AZE,Azerbaijan,2018,Summer
BRA,Brazil,2018,Summer
CAF,Central African Republic,2018,Summer
CHE,Switzerland,2018,Summer
CHN,China,2018,Summer
CZE,Czech Republic,2018,Summer
DEU,Germany,2018,Summer
GHA,Ghana,2018,Summer
HKG,Hong Kong,2018,Summer
HUN,Hungary,2018,Summer
KGZ,Kyrgyzstan,2018,Summer
KOR,South Korea,2018,Summer
NLD,Netherlands,2018,Summer
PRI,Puerto Rico,2018,Summer
SRB,Serbia,2018,Summer
TJK,Tajikistan,2018,Summer
UKR,Ukraine,2018,Summer
USA,United States,2018,Summer
VGB,British Virgin Islands,2018,Summer
ALB,Albania,2018,Winter
AND,Andorra,2018,Winter
ARG,Argentina,2018,Winter
ARM,Armenia,2018,Winter
AUS,Australia,2018,Winter
AUT,Austria,2018,Winter
AZE,Azerbaijan,2018,Winter
BEL,Belgium,2018,Winter
BGR,Bulgaria,2018,Winter
BIH,Bosnia and Herzegovina,2018,Winter
BLR,Belarus,2018,Winter
BMU,Bermuda,2018,Winter
BOL,Bolivia,2018,Winter
BRA,Brazil,2018,Winter
CAN,Canada,2018,Winter
CHE,Switzerland,2018,Winter
CHL,Chile,2018,Winter
CHN,China,2018,Winter
COL,Colombia,2018,Winter
CYP,Cyprus,2018,Winter
CZE,Czech Republic,2018,Winter
DEU,Germany,2018,Winter
DNK,Denmark,2018,Winter
ECU,Ecuador,2018,Winter
ERI,Eritrea,2018,Winter
ESP,Spain,2018,Winter
EST,Estonia,2018,Winter
FIN,Finland,2018,Winter
FRA,France,2018,Winter
GBR,United Kingdom,2018,Winter
GEO,Georgia,2018,Winter
GHA,Ghana,2018,Winter
GRC,Greece,2018,Winter
HKG,Hong Kong,2018,Winter
HRV,Croatia,2018,Winter
HUN,Hungary,2018,Winter
IND,India,2018,Winter
IRL,Ireland,2018,Winter
IRN,Iran,2018,Winter
ISL,Iceland,2018,Winter
ISR,Israel,2018,Winter
ITA,Italy,2018,Winter
JAM,Jamaica,2018,Winter
JPN,Japan,2018,Winter
KAZ,Kazakhstan,2018,Winter
KEN,Kenya,2018,Winter
KGZ,Kyrgyzstan,2018,Winter
KOR,South Korea,2018,Winter
LBN,Lebanon,2018,Winter
LIE,Liechtenstein,2018,Winter
LTU,Lithuania,2018,Winter
LUX,Luxembourg,2018,Winter
LVA,Latvia,2018,Winter
MAR,Morocco,2018,Winter
MCO,Monaco,2018,Winter
MDA,Moldova,2018,Winter
MDG,Madagascar,2018,Winter
MEX,Mexico,2018,Winter
MKD,North Macedonia,2018,Winter
MLT,Malta,2018,Winter
MNE,Montenegro,2018,Winter
MNG,Mongolia,2018,Winter
MYS,Malaysia,2018,Winter
NGA,Nigeria,2018,Winter
NLD,Netherlands,2018,Winter
NOR,Norway,2018,Winter
NZL,New Zealand,2018,Winter
PAK,Pakistan,2018,Winter
PHL,Philippines,2018,Winter
POL,Poland,2018,Winter
PRI,Puerto Rico,2018,Winter
PRK,North Korea,2018,Winter
PRT,Portugal,2018,Winter
ROU,Romania,2018,Winter
RUS,Russia,2018,Winter
SGP,Singapore,2018,Winter
SMR,San Marino,2018,Winter
SRB,Serbia,2018,Winter
SVK,Slovakia,2018,Winter
SVN,Slovenia,2018,Winter
SWE,Sweden,2018,Winter
TGO,Togo,2018,Winter
THA,Thailand,2018,Winter
TLS,Timor-Leste,2018,Winter
TON,Tonga,2018,Winter
TUR,Turkey,2018,Winter
TWN,Taiwan,2018,Winter
UKR,Ukraine,2018,Winter
USA,United States,2018,Winter
UZB,Uzbekistan,2018,Winter
XKX,Kosovo,2018,Winter
ZAF,South Africa,2018,Winter
ABW,Aruba,2020,Summer
AFG,Afghanistan,2020,Summer
AGO,Angola,2020,Summer
ALB,Albania,2020,Summer
AND,Andorra,2020,Summer
ARE,United Arab Emirates,2020,Summer
ARG,Argentina,2020,Summer
ARM,Armenia,2020,Summer
ASM,American Samoa,2020,Summer
ATG,Antigua and Barbuda,2020,Summer
AUS,Australia,2020,Summer
AUT,Austria,2020,Summer
AZE,Azerbaijan,2020,Summer
BDI,Burundi,2020,Summer
BEL,Belgium,2020,Summer
BEN,Benin,2020,Summer
BFA,Burkina Faso,2020,Summer
BGD,Bangladesh,2020,Summer
BGR,Bulgaria,2020,Summer
BHR,Bahrain,2020,Summer
BHS,Bahamas,2020,Summer
BIH,Bosnia and Herzegovina,2020,Summer
BLR,Belarus,2020,Summer
BLZ,Belize,2020,Summer
BMU,Bermuda,2020,Summer
BOL,Bolivia,2020,Summer
BRA,Brazil,2020,Summer
BRB,Barbados,2020,Summer
BRN,Brunei,2020,Summer
BTN,Bhutan,2020,Summer
BWA,Botswana,2020,Summer
CAF,Central African Republic,2020,Summer
CAN,Canada,2020,Summer
CHE,Switzerland,2020,Summer
CHL,Chile,2020,Summer
CHN,China,2020,Summer
CIV,Ivory Coast,2020,Summer
CMR,Cameroon,2020,Summer
COD,DR Congo,2020,Summer
COG,Congo,2020,Summer
COK,Cook Islands,2020,Summer
COL,Colombia,2020,Summer
COM,Comoros,2020,Summer
CPV,Cape Verde,2020,Summer
CRI,Costa Rica,2020,Summer
CUB,Cuba,2020,Summer
CYM,Cayman Islands,2020,Summer
CYP,Cyprus,2020,Summer
CZE,Czech Republic,2020,Summer
DEU,Germany,2020,Summer
DJI,Djibouti,2020,Summer
DMA,Dominica,2020,Summer
DNK,Denmark,2020,Summer
DOM,Dominican Republic,2020,Summer
DZA,Algeria,2020,Summer
ECU,Ecuador,2020,Summer
EGY,Egypt,2020,Summer
ERI,Eritrea,2020,Summer
ESP,Spain,2020,Summer
EST,Estonia,2020,Summer
ETH,Ethiopia,2020,Summer
FIN,Finland,2020,Summer
FJI,Fiji,2020,Summer
FRA,France,2020,Summer
FSM,Micronesia,2020,Summer
GAB,Gabon,2020,Summer
GBR,United Kingdom,2020,Summer
GEO,Georgia,2020,Summer
GHA,Ghana,2020,Summer
GIN,Guinea,2020,Summer
GMB,Gambia,2020,Summer
GNB,Guinea-Bissau,2020,Summer
GNQ,Equatorial Guinea,2020,Summer
GRC,Greece,2020,Summer
GRD,Grenada,2020,Summer
GTM,Guatemala,2020,Summer
GUM,Guam,2020,Summer
GUY,Guyana,2020,Summer
HKG,Hong Kong,2020,Summer
HND,Honduras,2020,Summer
HRV,Croatia,2020,Summer
HTI,Haiti,2020,Summer
HUN,Hungary,2020,Summer
IDN,Indonesia,2020,Summer
IND,India,2020,Summer
IRL,Ireland,2020,Summer
IRN,Iran,2020,Summer
IRQ,Iraq,2020,Summer
ISL,Iceland,2020,Summer
ISR,Israel,2020,Summer
ITA,Italy,2020,Summer
JAM,Jamaica,2020,Summer
JOR,Jordan,2020,Summer
JPN,Japan,2020,Summer
KAZ,Kazakhstan,2020,Summer
KEN,Kenya,2020,Summer
KGZ,Kyrgyzstan,2020,Summer
KHM,Cambodia,2020,Summer
KIR,Kiribati,2020,Summer
KNA,Saint Kitts and Nevis,2020,Summer
KOR,South Korea,2020,Summer
KWT,Kuwait,2020,Summer
LAO,Laos,2020,Summer
LBN,Lebanon,2020,Summer
LBR,Liberia,2020,Summer
LBY,Libya,2020,Summer
LCA,Saint Lucia,2020,Summer
LIE,Liechtenstein,2020,Summer
LKA,Sri Lanka,2020,Summer
LSO,Lesotho,2020,Summer
LTU,Lithuania,2020,Summer
LUX,Luxembourg,2020,Summer
LVA,Latvia,2020,Summer
MAR,Morocco,2020,Summer
MCO,Monaco,2020,Summer
MDA,Moldova,2020,Summer
MDG,Madagascar,2020,Summer
MDV,Maldives,2020,Summer
MEX,Mexico,2020,Summer
MHL,Marshall Islands,2020,Summer
MKD,North Macedonia,2020,Summer
MLI,Mali,2020,Summer
MLT,Malta,2020,Summer
MMR,Myanmar,2020,Summer
MNE,Montenegro,2020,Summer
MNG,Mongolia,2020,Summer
MOZ,Mozambique,2020,Summer
MRT,Mauritania,2020,Summer
MUS,Mauritius,2020,Summer
MWI,Malawi,2020,Summer
MYS,Malaysia,2020,Summer
NAM,Namibia,2020,Summer
NER,Niger,2020,Summer
NGA,Nigeria,2020,Summer
NIC,Nicaragua,2020,Summer
NLD,Netherlands,2020,Summer
NOR,Norway,2020,Summer
NPL,Nepal,2020,Summer
NRU,Nauru,2020,Summer
NZL,New Zealand,2020,Summer
OMN,Oman,2020,Summer
PAK,Pakistan,2020,Summer
PAN,Panama,2020,Summer
PER,Peru,2020,Summer
PHL,Philippines,2020,Summer
PLW,Palau,2020,Summer
PNG,Papua New Guinea,2020,Summer
POL,Poland,2020,Summer
PRI,Puerto Rico,2020,Summer
PRT,Portugal,2020,Summer
PRY,Paraguay,2020,Summer
PSE,Palestine,2020,Summer
QAT,Qatar,2020,Summer
ROU,Romania,2020,Summer
RUS,Russia,2020,Summer
RWA,Rwanda,2020,Summer
SAU,Saudi Arabia,2020,Summer
SDN,Sudan,2020,Summer
SEN,Senegal,2020,Summer
SGP,Singapore,2020,Summer
SLB,Solomon Islands,2020,Summer
SLE,Sierra Leone,2020,Summer
SLV,El Salvador,2020,Summer
SMR,San Marino,2020,Summer
SOM,Somalia,2020,Summer
SRB,Serbia,2020,Summer
SSD,South Sudan,2020,Summer
STP,Sao Tome and Principe,2020,Summer
SUR,Suriname,2020,Summer
SVK,Slovakia,2020,Summer
SVN,Slovenia,2020,Summer
SWE,Sweden,2020,Summer
SWZ,Eswatini,2020,Summer
SYC,Seychelles,2020,Summer
SYR,Syria,2020,Summer
TCD,Chad,2020,Summer
TGO,Togo,2020,Summer
THA,Thailand,2020,Summer
TJK,Tajikistan,2020,Summer
TKM,Turkmenistan,2020,Summer
TLS,Timor-Leste,2020,Summer
TON,Tonga,2020,Summer
TTO,Trinidad and Tobago,2020,Summer
TUN,Tunisia,2020,Summer
TUR,Turkey,2020,Summer
TUV,Tuvalu,2020,Summer
TWN,Taiwan,2020,Summer
TZA,Tanzania,2020,Summer
UGA,Uganda,2020,Summer
UKR,Ukraine,2020,Summer
URY,Uruguay,2020,Summer
USA,United States,2020,Summer
UZB,Uzbekistan,2020,Summer
VCT,Saint Vincent and the Grenadines,2020,Summer
VEN,Venezuela,2020,Summer
VGB,British Virgin Islands,2020,Summer
VIR,US Virgin Islands,2020,Summer
VNM,Vietnam,2020,Summer
VUT,Vanuatu,2020,Summer
WSM,Samoa,2020,Summer
XKX,Kosovo,2020,Summer
YEM,Yemen,2020,Summer
ZAF,South Africa,2020,Summer
ZMB,Zambia,2020,Summer
ZWE,Zimbabwe,2020,Summer
ALB,Albania,2020,Winter
AND,Andorra,2020,Winter
ARG,Argentina,2020,Winter
ARM,Armenia,2020,Winter
AUS,Australia,2020,Winter
AUT,Austria,2020,Winter
AZE,Azerbaijan,2020,Winter
BEL,Belgium,2020,Winter
BGR,Bulgaria,2020,Winter
BIH,Bosnia and Herzegovina,2020,Winter
BLR,Belarus,2020,Winter
BRA,Brazil,2020,Winter
CAN,Canada,2020,Winter
CHE,Switzerland,2020,Winter
CHL,Chile,2020,Winter
CHN,China,2020,Winter
COL,Colombia,2020,Winter
CYP,Cyprus,2020,Winter
CZE,Czech Republic,2020,Winter
DEU,Germany,2020,Winter
DNK,Denmark,2020,Winter
ECU,Ecuador,2020,Winter
ESP,Spain,2020,Winter
EST,Estonia,2020,Winter
FIN,Finland,2020,Winter
FRA,France,2020,Winter
GBR,United Kingdom,2020,Winter
GEO,Georgia,2020,Winter
GRC,Greece,2020,Winter
HKG,Hong Kong,2020,Winter
HRV,Croatia,2020,Winter
HTI,Haiti,2020,Winter
HUN,Hungary,2020,Winter
IRL,Ireland,2020,Winter
IRN,Iran,2020,Winter
ISL,Iceland,2020,Winter
ISR,Israel,2020,Winter
ITA,Italy,2020,Winter
JPN,Japan,2020,Winter
KAZ,Kazakhstan,2020,Winter
KGZ,Kyrgyzstan,2020,Winter
KOR,South Korea,2020,Winter
LBN,Lebanon,2020,Winter
LIE,Liechtenstein,2020,Winter
LTU,Lithuania,2020,Winter
LUX,Luxembourg,2020,Winter
LVA,Latvia,2020,Winter
MDA,Moldova,2020,Winter
MEX,Mexico,2020,Winter
MKD,North Macedonia,2020,Winter
MNE,Montenegro,2020,Winter
MNG,Mongolia,2020,Winter
MYS,Malaysia,2020,Winter
NLD,Netherlands,2020,Winter
NOR,Norway,2020,Winter
NZL,New Zealand,2020,Winter
PAK,Pakistan,2020,Winter
PHL,Philippines,2020,Winter
POL,Poland,2020,Winter
PRT,Portugal,2020,Winter
QAT,Qatar,2020,Winter
ROU,Romania,2020,Winter
RUS,Russia,2020,Winter
SGP,Singapore,2020,Winter
SMR,San Marino,2020,Winter
SRB,Serbia,2020,Winter
SVK,Slovakia,2020,Winter
SVN,Slovenia,2020,Winter
SWE,Sweden,2020,Winter
THA,Thailand,2020,Winter
TKM,Turkmenistan,2020,Winter
TTO,Trinidad and Tobago,2020,Winter
TUR,Turkey,2020,Winter
TWN,Taiwan,2020,Winter
UKR,Ukraine,2020,Winter
USA,United States,2020,Winter
UZB,Uzbekistan,2020,Winter
XKX,Kosovo,2020,Winter
ZAF,South Africa,2020,Winter
ALB,Albania,2022,Winter
AND,Andorra,2022,Winter
ARG,Argentina,2022,Winter
ARM,Armenia,2022,Winter
ASM,American Samoa,2022,Winter
AUS,Australia,2022,Winter
AUT,Austria,2022,Winter
AZE,Azerbaijan,2022,Winter
BEL,Belgium,2022,Winter
BGR,Bulgaria,2022,Winter
BIH,Bosnia and Herzegovina,2022,Winter
BLR,Belarus,2022,Winter
BOL,Bolivia,2022,Winter
BRA,Brazil,2022,Winter
CAN,Canada,2022,Winter
CHE,Switzerland,2022,Winter
CHL,Chile,2022,Winter
CHN,China,2022,Winter
COL,Colombia,2022,Winter
CYP,Cyprus,2022,Winter
CZE,Czech Republic,2022,Winter
DEU,Germany,2022,Winter
DNK,Denmark,2022,Winter
ECU,Ecuador,2022,Winter
ERI,Eritrea,2022,Winter
ESP,Spain,2022,Winter
EST,Estonia,2022,Winter
FIN,Finland,2022,Winter
FRA,France,2022,Winter
GBR,United Kingdom,2022,Winter
GEO,Georgia,2022,Winter
GHA,Ghana,2022,Winter
GRC,Greece,2022,Winter
HKG,Hong Kong,2022,Winter
HRV,Croatia,2022,Winter
HTI,Haiti,2022,Winter
HUN,Hungary,2022,Winter
IND,India,2022,Winter
IRL,Ireland,2022,Winter
IRN,Iran,2022,Winter
ISL,Iceland,2022,Winter
ISR,Israel,2022,Winter
ITA,Italy,2022,Winter
JAM,Jamaica,2022,Winter
JPN,Japan,2022,Winter
KAZ,Kazakhstan,2022,Winter
KGZ,Kyrgyzstan,2022,Winter
KOR,South Korea,2022,Winter
LBN,Lebanon,2022,Winter
LIE,Liechtenstein,2022,Winter
LTU,Lithuania,2022,Winter
LUX,Luxembourg,2022,Winter
LVA,Latvia,2022,Winter
MAR,Morocco,2022,Winter
MCO,Monaco,2022,Winter
MDA,Moldova,2022,Winter
MDG,Madagascar,2022,Winter
MEX,Mexico,2022,Winter
MKD,North Macedonia,2022,Winter
MLT,Malta,2022,Winter
MNE,Montenegro,2022,Winter
MNG,Mongolia,2022,Winter
MYS,Malaysia,2022,Winter
NGA,Nigeria,2022,Winter
NLD,Netherlands,2022,Winter
NOR,Norway,2022,Winter
NZL,New Zealand,2022,Winter
PAK,Pakistan,2022,Winter
PER,Peru,2022,Winter
PHL,Philippines,2022,Winter
POL,Poland,2022,Winter
PRI,Puerto Rico,2022,Winter
PRT,Portugal,2022,Winter
ROU,Romania,2022,Winter
RUS,Russia,2022,Winter
SAU,Saudi Arabia,2022,Winter
SMR,San Marino,2022,Winter
SRB,Serbia,2022,Winter
SVK,Slovakia,2022,Winter
SVN,Slovenia,2022,Winter
SWE,Sweden,2022,Winter
THA,Thailand,2022,Winter
TLS,Timor-Leste,2022,Winter
TUR,Turkey,2022,Winter
TWN,Taiwan,2022,Winter
UKR,Ukraine,2022,Winter
USA,United States,2022,Winter
UZB,Uzbekistan,2022,Winter
VIR,US Virgin Islands,2022,Winter
XKX,Kosovo,2022,Winter
ALB,Albania,2024,Summer
ARG,Argentina,2024,Summer
ARM,Armenia,2024,Summer
AUS,Australia,2024,Summer
AUT,Austria,2024,Summer
AZE,Azerbaijan,2024,Summer
BEL,Belgium,2024,Summer
BGR,Bulgaria,2024,Summer
BHR,Bahrain,2024,Summer
BRA,Brazil,2024,Summer
BWA,Botswana,2024,Summer
CAN,Canada,2024,Summer
CHE,Switzerland,2024,Summer
CHL,Chile,2024,Summer
CHN,China,2024,Summer
CIV,Ivory Coast,2024,Summer
COL,Colombia,2024,Summer
CPV,Cape Verde,2024,Summer
CUB,Cuba,2024,Summer
CYP,Cyprus,2024,Summer
CZE,Czech Republic,2024,Summer
DEU,Germany,2024,Summer
DMA,Dominica,2024,Summer
DNK,Denmark,2024,Summer
DOM,Dominican Republic,2024,Summer
DZA,Algeria,2024,Summer
ECU,Ecuador,2024,Summer
EGY,Egypt,2024,Summer
ESP,Spain,2024,Summer
ETH,Ethiopia,2024,Summer
FJI,Fiji,2024,Summer
FRA,France,2024,Summer
GBR,United Kingdom,2024,Summer
GEO,Georgia,2024,Summer
GRC,Greece,2024,Summer
GRD,Grenada,2024,Summer
GTM,Guatemala,2024,Summer
HKG,Hong Kong,2024,Summer
HRV,Croatia,2024,Summer
HUN,Hungary,2024,Summer
IDN,Indonesia,2024,Summer
IND,India,2024,Summer
IRL,Ireland,2024,Summer
IRN,Iran,2024,Summer
ISR,Israel,2024,Summer
ITA,Italy,2024,Summer
JAM,Jamaica,2024,Summer
JOR,Jordan,2024,Summer
JPN,Japan,2024,Summer
KAZ,Kazakhstan,2024,Summer
KEN,Kenya,2024,Summer
KGZ,Kyrgyzstan,2024,Summer
KOR,South Korea,2024,Summer
LCA,Saint Lucia,2024,Summer
LTU,Lithuania,2024,Summer
MAR,Morocco,2024,Summer
MDA,Moldova,2024,Summer
MEX,Mexico,2024,Summer
MNG,Mongolia,2024,Summer
MYS,Malaysia,2024,Summer
NLD,Netherlands,2024,Summer
NOR,Norway,2024,Summer
NZL,New Zealand,2024,Summer
PAK,Pakistan,2024,Summer
PAN,Panama,2024,Summer
PER,Peru,2024,Summer
PHL,Philippines,2024,Summer
POL,Poland,2024,Summer
PRI,Puerto Rico,2024,Summer
PRK,North Korea,2024,Summer
PRT,Portugal,2024,Summer
QAT,Qatar,2024,Summer
ROU,Romania,2024,Summer
SGP,Singapore,2024,Summer
SRB,Serbia,2024,Summer
SVK,Slovakia,2024,Summer
SVN,Slovenia,2024,Summer
SWE,Sweden,2024,Summer
THA,Thailand,2024,Summer
TJK,Tajikistan,2024,Summer
TUN,Tunisia,2024,Summer
TUR,Turkey,2024,Summer
TWN,Taiwan,2024,Summer
UGA,Uganda,2024,Summer
UKR,Ukraine,2024,Summer
USA,United States,2024,Summer
UZB,Uzbekistan,2024,Summer
XKX,Kosovo,2024,Summer
ZAF,South Africa,2024,Summer
ZMB,Zambia,2024,Summer
